fixture_id,team_id,opponent_team_id,player_id,player_name,minutes,position,role,side,band,shots_total,shots_on,fouls_committed,fouls_drawn,yellow_cards,red_cards,duels_total,duels_won,tackles,dribbles,subbed_on,subbed_off,sub_on_min,sub_off_min
1378969,40,35,280,Alisson,90.0,G,,,,,,,,0,0,,,,,False,False,,
1378969,40,35,152654,Jeremie Frimpong,60.0,D,,,,,,,1.0,0,0,4.0,3.0,1.0,1.0,False,False,,
1378969,40,35,1145,Ibrahima Konaté,90.0,D,,,,,,,,0,0,4.0,2.0,,2.0,False,False,,
1378969,40,35,290,Virgil van Dijk,90.0,D,,,,2.0,1.0,,,0,0,14.0,13.0,1.0,,False,False,,
1378969,40,35,206254,Miloš Kerkez,60.0,D,,,,,,1.0,1.0,1,0,10.0,4.0,1.0,,False,False,,
1378969,40,35,1096,Dominik Szoboszlai,90.0,M,,,,3.0,1.0,2.0,1.0,0,0,11.0,6.0,4.0,2.0,False,False,,
1378969,40,35,6716,Alexis Mac Allister,72.0,M,,,,1.0,1.0,2.0,1.0,0,0,10.0,5.0,3.0,1.0,False,False,,
1378969,40,35,306,Mohamed Salah,90.0,M,,,,2.0,2.0,,1.0,0,0,5.0,2.0,,2.0,False,False,,
1378969,40,35,203224,Florian Wirtz,82.0,M,,,,1.0,,,1.0,0,0,10.0,3.0,2.0,,False,False,,
1378969,40,35,247,Cody Gakpo,90.0,M,,,,3.0,2.0,1.0,3.0,0,0,23.0,12.0,1.0,7.0,False,False,,
1378969,40,35,174565,Hugo Ekitiké,72.0,F,,,,4.0,2.0,1.0,,0,0,11.0,5.0,,2.0,False,False,,
1378969,40,35,289,Andrew Robertson,31.0,D,,,,,,,,0,0,3.0,1.0,,,True,False,,
1378969,40,35,8500,Wataru Endo,31.0,M,,,,,,,,0,0,4.0,3.0,2.0,,True,False,,
1378969,40,35,284,Joe Gomez,19.0,D,,,,,,,,0,0,,,,,True,False,,
1378969,40,35,293,Curtis Jones,19.0,M,,,,,,,,0,0,4.0,2.0,,,True,False,,
1378969,40,35,30410,Federico Chiesa,9.0,F,,,,1.0,1.0,,1.0,0,0,2.0,2.0,1.0,,True,False,,
1378969,40,35,24760,Giorgi Mamardashvili,,G,,,,,,,,0,0,,,,,True,False,,
1378969,40,35,19035,Harvey Elliott,,M,,,,,,,,0,0,,,,,True,False,,
1378969,40,35,397997,Trey Nyoni,,M,,,,,,,,0,0,,,,,True,False,,
1378969,40,35,452685,Rio Ngumoha,,F,,,,,,,,0,0,,,,,True,False,,
1378969,35,40,118307,Đorđe Petrović,90.0,G,,,,,,,,0,0,,,,,False,False,,
1378969,35,40,18869,Adam Smith,90.0,D,,,,,,1.0,1.0,0,0,11.0,5.0,1.0,,False,False,,
1378969,35,40,22136,Bafodé Diakité,90.0,D,,,,,,,1.0,0,0,6.0,4.0,2.0,,False,False,,
1378969,35,40,6610,Marcos Senesi,90.0,D,,,,,,1.0,,0,0,9.0,4.0,3.0,,False,False,,
1378969,35,40,162267,Adrien Truffert,90.0,D,,,,,,2.0,,0,0,8.0,3.0,2.0,2.0,False,False,,
1378969,35,40,1150,Tyler Adams,89.0,M,,,,,,1.0,,0,0,11.0,6.0,5.0,1.0,False,False,,
1378969,35,40,19281,Antoine Semenyo,90.0,M,,,,3.0,2.0,2.0,1.0,0,0,19.0,8.0,1.0,3.0,False,False,,
1378969,35,40,304853,Alex Scott,74.0,M,,,,,,1.0,2.0,0,0,10.0,6.0,,3.0,False,False,,
1378969,35,40,19245,Marcus Tavernier,90.0,M,,,,1.0,1.0,,1.0,0,0,13.0,8.0,3.0,5.0,False,False,,
1378969,35,40,18870,David Brooks,84.0,M,,,,,,1.0,,1,0,11.0,4.0,2.0,3.0,False,False,,
1378969,35,40,152856,Evanilson,90.0,F,,,,3.0,,1.0,,1,0,11.0,3.0,,,False,False,,
1378969,35,40,31057,Hamed Junior Traorè,17.0,M,,,,,,,,0,0,4.0,1.0,1.0,1.0,True,False,,
1378969,35,40,402432,Ben Winterburn,13.0,M,,,,,,,,0,0,1.0,,,,True,False,,
1378969,35,40,20093,James Hill,1.0,D,,,,,,,,0,0,,,,,True,False,,
1378969,35,40,368030,Eli Junior Kroupi,1.0,F,,,,,,,,0,0,1.0,,,1.0,True,False,,
1378969,35,40,151756,Will Dennis,,G,,,,,,,,0,0,,,,,True,False,,
1378969,35,40,51051,Julián Araujo,,D,,,,,,,,0,0,,,,,True,False,,
1378969,35,40,363333,Julio Soler,,D,,,,,,,,0,0,,,,,True,False,,
1378969,35,40,2734,Philip Billing,,M,,,,,,,,0,0,,,,,True,False,,
1378969,35,40,402434,Remy Rees-Dottin,,F,,,,,,,,0,0,,,,,True,False,,
1378970,66,34,36878,Marco Bizot,90.0,G,,,,,,,,0,0,,,,,False,False,,
1378970,66,34,19298,Matty Cash,90.0,D,,,,,,1.0,2.0,0,0,7.0,4.0,2.0,,False,False,,
1378970,66,34,19354,Ezri Konsa,66.0,D,,,,,,1.0,1.0,0,1,4.0,2.0,,1.0,False,False,,
1378970,66,34,19179,Tyrone Mings,90.0,D,,,,,,,1.0,0,0,2.0,1.0,,,False,False,,
1378970,66,34,2724,Lucas Digne,90.0,D,,,,,,2.0,,0,0,9.0,3.0,2.0,,False,False,,
1378970,66,34,1904,Boubacar Kamara,90.0,M,,,,1.0,1.0,1.0,3.0,1,0,13.0,10.0,2.0,2.0,False,False,,
1378970,66,34,162714,Amadou Onana,90.0,M,,,,,,,2.0,0,0,9.0,7.0,2.0,2.0,False,False,,
1378970,66,34,19191,John McGinn,84.0,M,,,,,,2.0,,0,0,7.0,1.0,,3.0,False,False,,
1378970,66,34,2926,Youri Tielemans,90.0,M,,,,,,4.0,,0,0,8.0,3.0,2.0,,False,False,,
1378970,66,34,19170,Morgan Rogers,90.0,M,,,,,,1.0,,0,0,10.0,3.0,1.0,3.0,False,False,,
1378970,66,34,19366,Ollie Watkins,90.0,F,,,,1.0,1.0,1.0,2.0,0,0,13.0,6.0,,3.0,False,False,,
1378970,66,34,249,Donyell Malen,13.0,F,,,,1.0,1.0,,,0,0,1.0,,,1.0,True,False,,
1378970,66,34,284390,James Wright,,G,,,,,,,,0,0,,,,,True,False,,
1378970,66,34,46815,Pau Torres,,D,,,,,,,,0,0,,,,,True,False,,
1378970,66,34,138816,Ian Maatsen,,D,,,,,,,,0,0,,,,,True,False,,
1378970,66,34,284457,Lamare Bogarde,,D,,,,,,,,0,0,,,,,True,False,,
1378970,66,34,19071,Emiliano Buendía,,M,,,,,,,,0,0,,,,,True,False,,
1378970,66,34,360268,Jamaldeen Jimoh,,M,,,,,,,,0,0,,,,,True,False,,
1378970,66,34,137303,Evann Guessand,,F,,,,,,,,0,0,,,,,True,False,,
1378970,66,34,162173,Samuel Iling Junior,,F,,,,,,,,0,0,,,,,True,False,,
1378970,34,66,18911,Nick Pope,90.0,G,,,,,,,,0,0,1.0,1.0,,,False,False,,
1378970,34,66,169,Kieran Trippier,90.0,D,,,,,,1.0,,0,0,3.0,1.0,,,False,False,,
1378970,34,66,2806,Fabian Schär,90.0,D,,,,3.0,,2.0,1.0,0,0,13.0,8.0,1.0,,False,False,,
1378970,34,66,18961,Dan Burn,90.0,D,,,,,,1.0,1.0,0,0,11.0,7.0,1.0,,False,False,,
1378970,34,66,158694,Valentino Livramento,90.0,D,,,,,,,1.0,0,0,4.0,4.0,2.0,,False,False,,
1378970,34,66,10135,Bruno Guimarães,90.0,M,,,,,,2.0,,0,0,9.0,3.0,2.0,,False,False,,
1378970,34,66,31146,Sandro Tonali,90.0,M,,,,,,1.0,1.0,0,0,7.0,3.0,2.0,1.0,False,False,,
1378970,34,66,723,Joelinton,83.0,M,,,,,,1.0,2.0,1,0,11.0,5.0,2.0,1.0,False,False,,
1378970,34,66,153430,Anthony Elanga,78.0,F,,,,2.0,1.0,,3.0,0,0,7.0,5.0,,3.0,False,False,,
1378970,34,66,138787,Anthony Gordon,90.0,F,,,,3.0,2.0,2.0,1.0,0,0,10.0,3.0,,2.0,False,False,,
1378970,34,66,18778,Harvey Barnes,90.0,F,,,,1.0,,1.0,2.0,0,0,5.0,2.0,,2.0,False,False,,
1378970,34,66,19163,Jacob Murphy,13.0,M,,,,,,,1.0,0,0,2.0,1.0,,1.0,True,False,,
1378970,34,66,328105,Lewis Miley,8.0,M,,,,,,,,0,0,,,,,True,False,,
1378970,34,66,315237,William Osula,1.0,F,,,,,,,,0,0,,,,,True,False,,
1378970,34,66,20355,Aaron Ramsdale,,G,,,,,,,,0,0,,,,,True,False,,
1378970,34,66,284492,Lewis Hall,,D,,,,,,,,0,0,,,,,True,False,,
1378970,34,66,38734,Sven Botman,,D,,,,,,,,0,0,,,,,True,False,,
1378970,34,66,163189,Malick Thiaw,,D,,,,,,,,0,0,,,,,True,False,,
1378970,34,66,2855,Emil Krafth,,D,,,,,,,,0,0,,,,,True,False,,
1378970,34,66,526535,Park Seung-soo,,F,,,,,,,,0,0,,,,,True,False,,
1378974,47,44,31354,Guglielmo Vicario,90.0,G,,,,,,,,0,0,,,,,False,False,,
1378974,47,44,47519,Pedro Porro,90.0,D,,,,1.0,,2.0,1.0,0,0,10.0,4.0,2.0,1.0,False,False,,
1378974,47,44,30776,Cristian Romero,90.0,D,,,,,,3.0,1.0,0,0,10.0,5.0,,,False,False,,
1378974,47,44,152849,Micky van de Ven,90.0,D,,,,2.0,,,1.0,0,0,8.0,5.0,1.0,1.0,False,False,,
1378974,47,44,19235,Djed Spence,90.0,D,,,,2.0,1.0,1.0,,0,0,4.0,2.0,,1.0,False,False,,
1378974,47,44,237129,Pape Matar Sarr,90.0,M,,,,,,,1.0,0,0,15.0,10.0,2.0,4.0,False,False,,
1378974,47,44,328089,Archie Gray,71.0,M,,,,,,3.0,,0,0,9.0,3.0,1.0,,False,False,,
1378974,47,44,347316,Lucas Bergvall,80.0,M,,,,1.0,1.0,1.0,,0,0,9.0,4.0,2.0,2.0,False,False,,
1378974,47,44,15911,Mohammed Kudus,85.0,F,,,,2.0,,,2.0,0,0,8.0,5.0,1.0,3.0,False,False,,
1378974,47,44,2413,Richarlison,71.0,F,,,,4.0,3.0,1.0,,0,0,8.0,5.0,,2.0,False,False,,
1378974,47,44,129711,Brennan Johnson,80.0,F,,,,2.0,1.0,,,0,0,3.0,1.0,1.0,,False,False,,
1378974,47,44,863,Rodrigo Bentancur,20.0,M,,,,,,,,0,0,1.0,1.0,1.0,,True,False,,
1378974,47,44,18883,Dominic Solanke,19.0,F,,,,1.0,,,1.0,0,0,2.0,2.0,1.0,,True,False,,
1378974,47,44,41104,João Palhinha,11.0,M,,,,,,1.0,,0,0,1.0,,,,True,False,,
1378974,47,44,336564,Wilson Odobert,11.0,F,,,,,,,,0,0,,,,,True,False,,
1378974,47,44,270510,Mathys Tel,9.0,F,,,,,,2.0,,0,0,4.0,,,,True,False,,
1378974,47,44,265826,Antonín Kinský,,G,,,,,,,,0,0,,,,,True,False,,
1378974,47,44,387521,Luka Vušković,,D,,,,,,,,0,0,,,,,True,False,,
1378974,47,44,25287,Kevin Danso,,D,,,,,,,,0,0,,,,,True,False,,
1378974,47,44,164,Ben Davies,,D,,,,,,,,0,0,,,,,True,False,,
1378974,44,47,18886,Martin Dúbravka,90.0,G,,,,,,,,0,0,2.0,,,,False,False,,
1378974,44,47,128895,Oliver Sonne,74.0,D,,,,1.0,,,,0,0,2.0,2.0,,1.0,False,False,,
1378974,44,47,627,Kyle Walker,90.0,D,,,,1.0,,,2.0,0,0,7.0,4.0,,,False,False,,
1378974,44,47,47903,Hjalmar Ekdal,90.0,D,,,,,,1.0,,0,0,7.0,3.0,,,False,False,,
1378974,44,47,179400,Maxime Estève,90.0,D,,,,1.0,1.0,1.0,1.0,0,0,8.0,4.0,,,False,False,,
1378974,44,47,375915,Quilindschy Hartman,90.0,D,,,,,,1.0,,0,0,6.0,3.0,1.0,,False,False,,
1378974,44,47,180560,Hannibal Mejbri,63.0,M,,,,1.0,,,3.0,0,0,8.0,5.0,,3.0,False,False,,
1378974,44,47,20303,Josh Laurent,63.0,M,,,,3.0,2.0,1.0,1.0,0,0,7.0,3.0,1.0,,False,False,,
1378974,44,47,19827,Josh Cullen,90.0,M,,,,,,,1.0,0,0,9.0,4.0,3.0,,False,False,,
1378974,44,47,196855,Jaidon Anthony,85.0,M,,,,2.0,1.0,,3.0,0,0,9.0,4.0,,2.0,False,False,,
1378974,44,47,98936,Lyle Foster,74.0,F,,,,1.0,,3.0,2.0,0,0,15.0,8.0,,2.0,False,False,,
1378974,44,47,22,Jacob Bruun Larsen,28.0,F,,,,,,,,0,0,4.0,1.0,,1.0,True,False,,
1378974,44,47,270508,Lesley Ugochukwu,28.0,M,,,,1.0,,1.0,1.0,0,0,3.0,1.0,,,True,False,,
1378974,44,47,36927,Zian Flemming,17.0,M,,,,,,,,0,0,2.0,1.0,,,True,False,,
1378974,44,47,161621,Loum Tchaouna,17.0,F,,,,,,,,0,0,3.0,2.0,1.0,1.0,True,False,,
1378974,44,47,37882,Marcus Edwards,9.0,F,,,,,,,,0,0,,,,,True,False,,
1378974,44,47,328273,Max Weiss,,G,,,,,,,,0,0,,,,,True,False,,
1378974,44,47,1746,Joe Worrall,,D,,,,,,,,0,0,,,,,True,False,,
1378974,44,47,330238,Lucas Pires,,D,,,,,,,,0,0,,,,,True,False,,
1378974,44,47,278079,Aaron Ramsey,,M,,,,,,,,0,0,,,,,True,False,,
1378971,51,36,129058,Bart Verbruggen,90.0,G,,,,,,,,0,0,,,,,False,False,,
1378971,51,36,92993,Mats Wieffer,90.0,D,,,,1.0,1.0,1.0,,0,0,15.0,9.0,5.0,,False,False,,
1378971,51,36,38695,Jan Paul van Hecke,90.0,D,,,,,,,1.0,0,0,4.0,4.0,1.0,,False,False,,
1378971,51,36,18963,Lewis Dunk,90.0,D,,,,1.0,,,2.0,0,0,9.0,9.0,1.0,1.0,False,False,,
1378971,51,36,162007,Maxim De Cuyper,90.0,D,,,,,,3.0,1.0,0,0,10.0,3.0,2.0,1.0,False,False,,
1378971,51,36,356041,Carlos Baleba,69.0,M,,,,1.0,,2.0,2.0,0,0,6.0,3.0,1.0,,False,False,,
1378971,51,36,265820,Yasin Ayari,90.0,M,,,,,,,4.0,0,0,9.0,5.0,1.0,1.0,False,False,,
1378971,51,36,383685,Yankuba Minteh,69.0,M,,,,1.0,,,1.0,0,0,5.0,3.0,,3.0,False,False,,
1378971,51,36,19030,Matt O'Riley,88.0,M,,,,1.0,1.0,1.0,,0,0,7.0,3.0,3.0,1.0,False,False,,
1378971,51,36,106835,Kaoru Mitoma,83.0,M,,,,1.0,,3.0,,1,0,7.0,1.0,,3.0,False,False,,
1378971,51,36,90590,Georginio Rutter,69.0,F,,,,1.0,1.0,2.0,2.0,0,0,10.0,4.0,1.0,1.0,False,False,,
1378971,51,36,1361,Ferdi Kadıoğlu,22.0,D,,,,,,2.0,1.0,1,0,4.0,1.0,,,True,False,,
1378971,51,36,278370,Diego Gómez,22.0,M,,,,1.0,1.0,2.0,1.0,1,0,6.0,3.0,2.0,,True,False,,
1378971,51,36,1469,Danny Welbeck,22.0,F,,,,,,,,0,0,1.0,1.0,1.0,,True,False,,
1378971,51,36,328225,Brajan Gruda,8.0,M,,,,1.0,,,,0,0,2.0,2.0,1.0,,True,False,,
1378971,51,36,296,James Milner,10.0,M,,,,,,,,0,0,,,,,True,False,,
1378971,51,36,18960,Jason Steele,,G,,,,,,,,0,0,,,,,True,False,,
1378971,51,36,22160,Olivier Boscagli,,D,,,,,,,,0,0,,,,,True,False,,
1378971,51,36,537,Joël Veltman,,D,,,,,,,,0,0,,,,,True,False,,
1378971,51,36,342063,Diego Coppola,,D,,,,,,,,0,0,,,,,True,False,,
1378971,36,51,1438,Bernd Leno,90.0,G,,,,,,,1.0,0,0,1.0,1.0,,,False,False,,
1378971,36,51,657,Kenny Tete,90.0,D,,,,,,1.0,3.0,0,0,9.0,7.0,3.0,,False,False,,
1378971,36,51,2729,Joachim Andersen,90.0,D,,,,,,1.0,2.0,0,0,9.0,7.0,3.0,1.0,False,False,,
1378971,36,51,131,Jorge Cuenca,84.0,D,,,,,,,,0,0,3.0,2.0,1.0,,False,False,,
1378971,36,51,152967,Calvin Bassey,90.0,D,,,,,,1.0,1.0,1,0,12.0,6.0,2.0,2.0,False,False,,
1378971,36,51,2823,Saša Lukić,90.0,M,,,,,,5.0,2.0,0,0,12.0,5.0,1.0,1.0,False,False,,
1378971,36,51,1934,Sander Berge,66.0,M,,,,,,2.0,,0,0,3.0,1.0,1.0,,False,False,,
1378971,36,51,19221,Harry Wilson,90.0,M,,,,1.0,,,3.0,0,0,7.0,5.0,1.0,2.0,False,False,,
1378971,36,51,389315,Joshua King,77.0,M,,,,1.0,1.0,,2.0,0,0,9.0,5.0,3.0,1.0,False,False,,
1378971,36,51,1455,Alex Iwobi,66.0,M,,,,1.0,,,1.0,0,0,5.0,2.0,,2.0,False,False,,
1378971,36,51,2887,Raúl Jiménez,66.0,F,,,,2.0,,2.0,,0,0,8.0,,,,False,False,,
1378971,36,51,19025,Tom Cairney,25.0,M,,,,,,1.0,1.0,1,0,7.0,3.0,,2.0,True,False,,
1378971,36,51,18753,Adama Traoré,25.0,F,,,,,,1.0,,0,0,2.0,,,1.0,True,False,,
1378971,36,51,195106,Rodrigo Muniz,25.0,F,,,,1.0,1.0,1.0,,1,0,5.0,,,,True,False,,
1378971,36,51,1161,Emile Smith Rowe,14.0,M,,,,,,,,0,0,2.0,,,1.0,True,False,,
1378971,36,51,2920,Timothy Castagne,14.0,D,,,,,,,,0,0,1.0,,,,True,False,,
1378971,36,51,21566,Benjamin Lecomte,,G,,,,,,,,0,0,,,,,True,False,,
1378971,36,51,18814,Issa Diop,,D,,,,,,,,0,0,,,,,True,False,,
1378971,36,51,19480,Harrison Reed,,M,,,,,,,,0,0,,,,,True,False,,
1378971,36,51,899,Andreas Pereira,,M,,,,,,,,0,0,,,,,True,False,,
1378973,746,48,194536,Robin Roefs,90.0,G,,,,,,,,0,0,2.0,2.0,,,False,False,,
1378973,746,48,119121,Trai Hume,90.0,D,,,,,,1.0,1.0,0,0,13.0,8.0,2.0,1.0,False,False,,
1378973,746,48,55904,Daniel Ballard,90.0,D,,,,4.0,2.0,,4.0,0,0,13.0,10.0,1.0,,False,False,,
1378973,746,48,290545,Jenson Seelt,53.0,D,,,,,,,,0,0,4.0,3.0,2.0,,False,False,,
1378973,746,48,22225,Reinildo Mandava,90.0,D,,,,,,1.0,1.0,0,0,5.0,3.0,2.0,,False,False,,
1378973,746,48,327631,Habib Diarra,90.0,M,,,,2.0,1.0,1.0,,0,0,4.0,1.0,1.0,1.0,False,False,,
1378973,746,48,1464,Granit Xhaka,90.0,M,,,,,,2.0,2.0,0,0,12.0,5.0,1.0,,False,False,,
1378973,746,48,365331,Noah Sadiki,90.0,M,,,,,,1.0,,0,0,5.0,2.0,2.0,1.0,False,False,,
1378973,746,48,336659,Chemsdine Talbi,89.0,F,,,,,,,,0,0,5.0,1.0,1.0,,False,False,,
1378973,746,48,349799,Eliezer Mayenda,76.0,F,,,,1.0,1.0,,2.0,0,0,9.0,3.0,,2.0,False,False,,
1378973,746,48,301771,Simon Adingra,76.0,F,,,,1.0,,2.0,,0,0,9.0,1.0,1.0,2.0,False,False,,
1378973,746,48,6168,Omar Alderete,38.0,D,,,,,,,,0,0,4.0,3.0,1.0,,True,False,,
1378973,746,48,20638,Enzo Le Fée,15.0,M,,,,,,,,0,0,2.0,,,,True,False,,
1378973,746,48,84087,Wilson Isidor,15.0,F,,,,1.0,1.0,,,0,0,1.0,,,,True,False,,
1378973,746,48,339201,Chris Rigg,1.0,M,,,,,,,,0,0,,,,,True,False,,
1378973,746,48,19881,Anthony Patterson,,G,,,,,,,,0,0,,,,,True,False,,
1378973,746,48,19910,Dan Neil,,M,,,,,,,,0,0,,,,,True,False,,
1378973,746,48,47521,Patrick Roberts,,M,,,,,,,,0,0,,,,,True,False,,
1378973,746,48,330640,Harrison Jones,,M,,,,,,,,0,0,,,,,True,False,,
1378973,746,48,392270,Marc Guiu,,F,,,,,,,,0,0,,,,,True,False,,
1378973,48,746,15870,Mads Hermansen,90.0,G,,,,,,,,0,0,1.0,1.0,,,False,False,,
1378973,48,746,138,Jean-Clair Todibo,82.0,D,,,,,,,1.0,0,0,6.0,4.0,3.0,,False,False,,
1378973,48,746,18744,Max Kilman,90.0,D,,,,,,2.0,,1,0,7.0,5.0,3.0,,False,False,,
1378973,48,746,21694,Nayef Aguerd,90.0,D,,,,,,,,0,0,3.0,2.0,,1.0,False,False,,
1378973,48,746,18846,Aaron Wan-Bissaka,90.0,M,,,,,,,1.0,0,0,6.0,5.0,1.0,4.0,False,False,,
1378973,48,746,2938,James Ward-Prowse,71.0,M,,,,,,,,0,0,2.0,2.0,1.0,,False,False,,
1378973,48,746,2476,Guido Rodríguez,71.0,M,,,,,,,,0,0,2.0,1.0,,,False,False,,
1378973,48,746,409303,El Hadji Malick Diouf,90.0,M,,,,2.0,1.0,1.0,1.0,0,0,9.0,5.0,,1.0,False,False,,
1378973,48,746,1646,Lucas Paquetá,90.0,F,,,,,,1.0,2.0,0,0,16.0,8.0,1.0,3.0,False,False,,
1378973,48,746,19428,Jarrod Bowen,90.0,F,,,,1.0,1.0,,2.0,0,0,10.0,7.0,2.0,5.0,False,False,,
1378973,48,746,25391,Niclas Füllkrug,90.0,F,,,,1.0,1.0,5.0,,0,0,19.0,3.0,,,False,False,,
1378973,48,746,1243,Tomáš Souček,20.0,M,,,,1.0,1.0,,,0,0,2.0,1.0,,1.0,True,False,,
1378973,48,746,2939,Callum Wilson,20.0,F,,,,1.0,,1.0,1.0,0,0,4.0,1.0,,,True,False,,
1378973,48,746,68466,Andy Irving,9.0,M,,,,,,,,0,0,1.0,1.0,1.0,,True,False,,
1378973,48,746,253,Alphonse Aréola,,G,,,,,,,,0,0,,,,,True,False,,
1378973,48,746,171,Kyle Walker-Peters,,D,,,,,,,,0,0,,,,,True,False,,
1378973,48,746,1445,Konstantinos Mavropanos,,D,,,,,,,,0,0,,,,,True,False,,
1378973,48,746,327730,Oliver Scarles,,D,,,,,,,,0,0,,,,,True,False,,
1378973,48,746,284446,Freddie Potts,,M,,,,,,,,0,0,,,,,True,False,,
1378973,48,746,2869,Edson Álvarez,,M,,,,,,,,0,0,,,,,True,False,,
1378975,39,50,1590,José Sá,90.0,G,,,,,,,,0,0,,,,,False,False,,
1378975,39,50,18742,Matt Doherty,90.0,D,,,,,,3.0,1.0,1,0,7.0,4.0,3.0,,False,False,,
1378975,39,50,135068,Emmanuel Agbadou,90.0,D,,,,1.0,,,,0,0,6.0,2.0,2.0,,False,False,,
1378975,39,50,41606,Toti Gomes,90.0,D,,,,,,,1.0,0,0,7.0,4.0,2.0,1.0,False,False,,
1378975,39,50,285,Ki-Jana Hoever,73.0,M,,,,,,,,0,0,7.0,2.0,2.0,1.0,False,False,,
1378975,39,50,265784,André,72.0,M,,,,,,1.0,1.0,0,0,11.0,5.0,4.0,,False,False,,
1378975,39,50,195103,João Gomes,90.0,M,,,,,,3.0,1.0,0,0,16.0,7.0,4.0,1.0,False,False,,
1378975,39,50,265782,David Möller Wolfe,72.0,M,,,,,,,,0,0,3.0,2.0,1.0,,False,False,,
1378975,39,50,3080,Marshall Munetsi,90.0,F,,,,,,,,0,0,10.0,5.0,2.0,2.0,False,False,,
1378975,39,50,2032,Jørgen Strand Larsen,82.0,F,,,,3.0,2.0,3.0,1.0,0,0,9.0,4.0,1.0,,False,False,,
1378975,39,50,20665,Jean-Ricner Bellegarde,73.0,F,,,,1.0,,1.0,2.0,0,0,10.0,4.0,2.0,1.0,False,False,,
1378975,39,50,280687,Hugo Bueno,19.0,D,,,,,,,,0,0,2.0,1.0,,2.0,True,False,,
1378975,39,50,391822,Fer López,19.0,F,,,,1.0,1.0,,,0,0,1.0,,,,True,False,,
1378975,39,50,13708,Jhon Arias,18.0,M,,,,,,1.0,,0,0,3.0,,,,True,False,,
1378975,39,50,282770,Rodrigo Gomes,18.0,D,,,,,,,,0,0,3.0,1.0,1.0,1.0,True,False,,
1378975,39,50,24888,Hee-Chan Hwang,9.0,F,,,,,,1.0,,0,0,2.0,1.0,1.0,,True,False,,
1378975,39,50,19143,Sam Johnstone,,G,,,,,,,,0,0,,,,,True,False,,
1378975,39,50,135334,Santiago Bueno,,D,,,,,,,,0,0,,,,,True,False,,
1378975,39,50,195717,Yerson Mosquera,,D,,,,,,,,0,0,,,,,True,False,,
1378975,39,50,7722,Saša Kalajdžić,,F,,,,,,,,0,0,,,,,True,False,,
1378975,50,39,162489,James Trafford,90.0,G,,,,,,,,0,0,,,,,False,False,,
1378975,50,39,284230,Rico Lewis,66.0,D,,,,,,,2.0,0,0,3.0,3.0,1.0,,False,False,,
1378975,50,39,626,John Stones,82.0,D,,,,,,,,0,0,4.0,4.0,,2.0,False,False,,
1378975,50,39,567,Rúben Dias,90.0,D,,,,,,,,0,0,3.0,2.0,,1.0,False,False,,
1378975,50,39,21138,Rayan Aït-Nouri,90.0,D,,,,1.0,,,,0,0,13.0,9.0,6.0,3.0,False,False,,
1378975,50,39,36902,Tijjani Reijnders,90.0,M,,,,3.0,1.0,3.0,2.0,1,0,14.0,4.0,1.0,3.0,False,False,,
1378975,50,39,161933,Nico González,90.0,M,,,,,,1.0,3.0,0,0,14.0,11.0,3.0,4.0,False,False,,
1378975,50,39,636,Bernardo Silva,66.0,M,,,,,,1.0,,0,0,9.0,4.0,4.0,1.0,False,False,,
1378975,50,39,278133,Oscar Bobb,90.0,F,,,,,,,1.0,0,0,7.0,4.0,,5.0,False,False,,
1378975,50,39,1100,Erling Haaland,73.0,F,,,,6.0,2.0,1.0,,0,0,7.0,5.0,1.0,1.0,False,False,,
1378975,50,39,1422,Jérémy Doku,66.0,F,,,,,,1.0,1.0,0,0,7.0,2.0,,3.0,False,False,,
1378975,50,39,41621,Matheus Nunes,25.0,M,,,,,,,1.0,0,0,4.0,2.0,1.0,,True,False,,
1378975,50,39,307123,Nico O'Reilly,25.0,M,,,,,,,,1,0,3.0,,,,True,False,,
1378975,50,39,81573,Omar Marmoush,25.0,F,,,,,,,2.0,0,0,4.0,2.0,,1.0,True,False,,
1378975,50,39,156477,Rayan Cherki,18.0,M,,,,1.0,1.0,,,0,0,2.0,,,,True,False,,
1378975,50,39,360114,Abdukodir Khusanov,9.0,D,,,,,,,1.0,0,0,3.0,3.0,1.0,1.0,True,False,,
1378975,50,39,25004,Stefan Ortega,,G,,,,,,,,0,0,,,,,True,False,,
1378975,50,39,18861,Nathan Aké,,D,,,,,,,,0,0,,,,,True,False,,
1378975,50,39,5,Manuel Akanji,,D,,,,,,,,0,0,,,,,True,False,,
1378975,50,39,633,İlkay Gündoğan,,M,,,,,,,,0,0,,,,,True,False,,
1378976,49,52,18959,Robert Sánchez,90.0,G,,,,,,,,0,0,2.0,1.0,,,False,False,,
1378976,49,52,19545,Reece James,79.0,D,,,,,,2.0,1.0,1,0,6.0,3.0,1.0,,False,False,,
1378976,49,52,366735,Josh Acheampong,90.0,D,,,,,,,2.0,0,0,14.0,11.0,2.0,2.0,False,False,,
1378976,49,52,19720,Trevoh Chalobah,90.0,D,,,,1.0,,2.0,1.0,0,0,8.0,4.0,,1.0,False,False,,
1378976,49,52,47380,Marc Cucurella,90.0,D,,,,2.0,1.0,1.0,2.0,0,0,12.0,7.0,2.0,,False,False,,
1378976,49,52,5996,Enzo Fernández,79.0,M,,,,,,,,0,0,2.0,1.0,,,False,False,,
1378976,49,52,116117,Moisés Caicedo,90.0,M,,,,,,,1.0,0,0,11.0,8.0,5.0,1.0,False,False,,
1378976,49,52,1864,Pedro Neto,90.0,M,,,,,,,1.0,0,0,7.0,5.0,1.0,5.0,False,False,,
1378976,49,52,152982,Cole Palmer,90.0,M,,,,1.0,,1.0,,0,0,5.0,2.0,1.0,2.0,False,False,,
1378976,49,52,286894,Jamie Gittens,54.0,M,,,,,,2.0,,0,0,10.0,4.0,1.0,5.0,False,False,,
1378976,49,52,10329,João Pedro,73.0,F,,,,1.0,,,1.0,0,0,9.0,3.0,,2.0,False,False,,
1378976,49,52,425733,Estêvão Willian,37.0,F,,,,1.0,,1.0,,1,0,7.0,2.0,,6.0,True,False,,
1378976,49,52,161948,Liam Delap,18.0,F,,,,1.0,1.0,,,0,0,3.0,,,,True,False,,
1378976,49,52,161907,Malo Gusto,12.0,D,,,,1.0,,,,0,0,1.0,,,,True,False,,
1378976,49,52,305834,Andrey Santos,12.0,M,,,,2.0,1.0,1.0,1.0,0,0,2.0,1.0,,,True,False,,
1378976,49,52,286616,Filip Jørgensen,,G,,,,,,,,0,0,,,,,True,False,,
1378976,49,52,22094,Wesley Fofana,,D,,,,,,,,0,0,,,,,True,False,,
1378976,49,52,341642,Jorrel Hato,,D,,,,,,,,0,0,,,,,True,False,,
1378976,49,52,308678,Dário Essugo,,M,,,,,,,,0,0,,,,,True,False,,
1378976,49,52,334037,Tyrique George,,F,,,,,,,,0,0,,,,,True,False,,
1378976,52,49,19088,Dean Henderson,90.0,G,,,,,,,,0,0,,,,,False,False,,
1378976,52,49,126949,Chris Richards,90.0,D,,,,1.0,,,,0,0,5.0,5.0,2.0,,False,False,,
1378976,52,49,20995,Maxence Lacroix,90.0,D,,,,,,2.0,,0,0,10.0,6.0,3.0,,False,False,,
1378976,52,49,67971,Marc Guéhi,90.0,D,,,,,,1.0,,0,0,5.0,3.0,1.0,,False,False,,
1378976,52,49,13736,Daniel Muñoz,90.0,M,,,,1.0,,2.0,2.0,1,0,11.0,7.0,2.0,2.0,False,False,,
1378976,52,49,288102,Adam Wharton,90.0,M,,,,,,,,0,0,11.0,3.0,,2.0,False,False,,
1378976,52,49,18806,Will Hughes,70.0,M,,,,,,1.0,2.0,1,0,5.0,2.0,,,False,False,,
1378976,52,49,182201,Tyrick Mitchell,90.0,M,,,,,,,,0,0,10.0,6.0,5.0,,False,False,,
1378976,52,49,2218,Ismaïla Sarr,90.0,F,,,,,,2.0,3.0,0,0,13.0,3.0,,,False,False,,
1378976,52,49,19586,Eberechi Eze,84.0,F,,,,3.0,2.0,2.0,1.0,0,0,9.0,4.0,1.0,3.0,False,False,,
1378976,52,49,25927,Jean-Philippe Mateta,90.0,F,,,,2.0,2.0,1.0,1.0,1,0,15.0,5.0,1.0,,False,False,,
1378976,52,49,2490,Jefferson Lerma,21.0,M,,,,,,1.0,1.0,0,0,4.0,2.0,,,True,False,,
1378976,52,49,286458,Justin Devenny,13.0,M,,,,,,,,0,0,1.0,1.0,1.0,,True,False,,
1378976,52,49,22157,Walter Benítez,,G,,,,,,,,0,0,,,,,True,False,,
1378976,52,49,18862,Nathaniel Clyne,,D,,,,,,,,0,0,,,,,True,False,,
1378976,52,49,26303,Borna Sosa,,D,,,,,,,,0,0,,,,,True,False,,
1378976,52,49,380703,Rio Cardines,,M,,,,,,,,0,0,,,,,True,False,,
1378976,52,49,402640,Romain Esse,,M,,,,,,,,0,0,,,,,True,False,,
1378976,52,49,284449,Jesurun Rak-Sakyi,,M,,,,,,,,0,0,,,,,True,False,,
1378976,52,49,1135,Odsonne Édouard,,F,,,,,,,,0,0,,,,,True,False,,
1378972,65,55,2919,Matz Sels,90.0,G,,,,,,,,0,0,,,,,False,False,,
1378972,65,55,2771,Ola Aina,90.0,D,,,,,,2.0,1.0,0,0,15.0,8.0,3.0,2.0,False,False,,
1378972,65,55,2817,Nikola Milenković,90.0,D,,,,,,,,0,0,5.0,3.0,1.0,,False,False,,
1378972,65,55,363695,Murillo,90.0,D,,,,,,,2.0,0,0,6.0,5.0,,1.0,False,False,,
1378972,65,55,138780,Neco Williams,90.0,D,,,,,,2.0,2.0,1,0,9.0,4.0,2.0,,False,False,,
1378972,65,55,22149,Ibrahim Sangaré,90.0,M,,,,1.0,,1.0,1.0,0,0,6.0,5.0,1.0,1.0,False,False,,
1378972,65,55,138908,Elliot Anderson,90.0,M,,,,2.0,1.0,,2.0,0,0,13.0,6.0,2.0,2.0,False,False,,
1378972,65,55,48648,Dan Ndoye,79.0,M,,,,1.0,1.0,,1.0,0,0,5.0,1.0,,,False,False,,
1378972,65,55,18746,Morgan Gibbs-White,84.0,M,,,,2.0,,1.0,2.0,0,0,9.0,6.0,1.0,3.0,False,False,,
1378972,65,55,2298,Callum Hudson-Odoi,90.0,M,,,,1.0,1.0,,2.0,0,0,8.0,4.0,,4.0,False,False,,
1378972,65,55,18931,Chris Wood,79.0,F,,,,2.0,2.0,,,0,0,6.0,2.0,,1.0,False,False,,
1378972,65,55,9366,Igor Jesus,12.0,F,,,,,,1.0,,0,0,2.0,1.0,,,True,False,,
1378972,65,55,141901,Jota Silva,12.0,F,,,,,,,1.0,0,0,4.0,3.0,2.0,,True,False,,
1378972,65,55,19305,Ryan Yates,12.0,M,,,,,,,1.0,0,0,5.0,4.0,,1.0,True,False,,
1378972,65,55,18933,Angus Gunn,,G,,,,,,,,0,0,,,,,True,False,,
1378972,65,55,67943,Morato,,D,,,,,,,,0,0,,,,,True,False,,
1378972,65,55,329357,Zach Abbott,,D,,,,,,,,0,0,,,,,True,False,,
1378972,65,55,362711,Jair,,D,,,,,,,,0,0,,,,,True,False,,
1378972,65,55,18739,Willy Boly,,D,,,,,,,,0,0,,,,,True,False,,
1378972,65,55,8598,Taiwo Awoniyi,,F,,,,,,,,0,0,,,,,True,False,,
1378972,55,65,281,Caoimhin Kelleher,90.0,G,,,,,,,,0,0,1.0,,,,False,False,,
1378972,55,65,342022,Michael Kayode,90.0,D,,,,,,1.0,,0,0,5.0,4.0,2.0,2.0,False,False,,
1378972,55,65,19495,Nathan Collins,90.0,D,,,,,,1.0,1.0,1,0,4.0,2.0,,,False,False,,
1378972,55,65,36922,Sepp van den Berg,90.0,D,,,,1.0,1.0,,,0,0,9.0,6.0,2.0,,False,False,,
1378972,55,65,19346,Rico Henry,88.0,D,,,,,,,,0,0,6.0,4.0,1.0,3.0,False,False,,
1378972,55,65,263538,Yehor Yarmolyuk,90.0,M,,,,1.0,1.0,3.0,,0,0,7.0,1.0,,,False,False,,
1378972,55,65,47438,Mathias Jensen,69.0,M,,,,1.0,,,,0,0,4.0,3.0,2.0,,False,False,,
1378972,55,65,106725,Keane Lewis-Potter,69.0,M,,,,2.0,,1.0,1.0,0,0,7.0,3.0,2.0,2.0,False,False,,
1378972,55,65,319517,Antoni Milambo,45.0,M,,,,,,,,0,0,4.0,4.0,2.0,,False,False,,
1378972,55,65,153066,Fabio Carvalho,90.0,M,,,,1.0,,,,0,0,9.0,3.0,3.0,2.0,False,False,,
1378972,55,65,196156,Igor Thiago,90.0,F,,,,1.0,1.0,3.0,,0,0,12.0,3.0,1.0,,False,False,,
1378972,55,65,178077,Kevin Schade,45.0,M,,,,,,2.0,1.0,0,0,13.0,4.0,2.0,1.0,True,False,,
1378972,55,65,292,Jordan Henderson,22.0,M,,,,,,1.0,,0,0,2.0,,,1.0,True,False,,
1378972,55,65,15799,Frank Onyeka,22.0,M,,,,,,2.0,,0,0,4.0,,,1.0,True,False,,
1378972,55,65,44871,Aaron Hickey,8.0,D,,,,,,1.0,2.0,1,0,6.0,4.0,1.0,,True,False,,
1378972,55,65,61742,Hákon Rafn Valdimarsson,,G,,,,,,,,0,0,,,,,True,False,,
1378972,55,65,430827,Benjamin Arthur,,D,,,,,,,,0,0,,,,,True,False,,
1378972,55,65,15745,Mads Roerslev,,D,,,,,,,,0,0,,,,,True,False,,
1378972,55,65,1119,Kristoffer Ajer,,D,,,,,,,,0,0,,,,,True,False,,
1378972,55,65,180308,Myles Peart-Harris,,M,,,,,,,,0,0,,,,,True,False,,
1378977,33,42,50132,Altay Bayındır,90.0,G,,,,,,,2.0,0,0,2.0,2.0,,,False,False,,
1378977,33,42,342970,Leny Yoro,90.0,D,,,,,,1.0,,0,0,10.0,6.0,1.0,,False,False,,
1378977,33,42,532,Matthijs de Ligt,90.0,D,,,,2.0,1.0,1.0,1.0,0,0,15.0,9.0,2.0,,False,False,,
1378977,33,42,891,Luke Shaw,80.0,D,,,,,,1.0,,0,0,8.0,6.0,3.0,,False,False,,
1378977,33,42,886,Diogo Dalot,55.0,M,,,,,,,,0,0,1.0,1.0,1.0,,False,False,,
1378977,33,42,747,Casemiro,65.0,M,,,,,,,2.0,0,0,7.0,6.0,3.0,,False,False,,
1378977,33,42,1485,Bruno Fernandes,90.0,M,,,,,,1.0,2.0,0,0,14.0,7.0,3.0,2.0,False,False,,
1378977,33,42,382452,Patrick Dorgu,90.0,M,,,,2.0,,1.0,4.0,1,0,18.0,11.0,4.0,2.0,False,False,,
1378977,33,42,20589,Bryan Mbeumo,90.0,F,,,,3.0,2.0,1.0,3.0,0,0,9.0,4.0,,1.0,False,False,,
1378977,33,42,19220,Mason Mount,65.0,F,,,,,,,,0,0,4.0,2.0,1.0,,False,False,,
1378977,33,42,1165,Matheus Cunha,90.0,F,,,,3.0,3.0,,3.0,0,0,20.0,8.0,1.0,6.0,False,False,,
1378977,33,42,157997,Amad Diallo,36.0,F,,,,1.0,1.0,,2.0,0,0,7.0,7.0,3.0,2.0,True,False,,
1378977,33,42,51494,Manuel Ugarte,26.0,M,,,,1.0,,2.0,,0,0,3.0,,,,True,False,,
1378977,33,42,115589,Benjamin Šeško,26.0,F,,,,2.0,,1.0,,0,0,3.0,1.0,,,True,False,,
1378977,33,42,2935,Harry Maguire,11.0,D,,,,,,1.0,,0,0,2.0,,,,True,False,,
1378977,33,42,2931,Tom Heaton,,G,,,,,,,,0,0,,,,,True,False,,
1378977,33,42,328101,Tyler Fredricson,,D,,,,,,,,0,0,,,,,True,False,,
1378977,33,42,402329,Ayden Heaven,,D,,,,,,,,0,0,,,,,True,False,,
1378977,33,42,284322,Kobbie Mainoo,,M,,,,,,,,0,0,,,,,True,False,,
1378977,33,42,70100,Joshua Zirkzee,,F,,,,,,,,0,0,,,,,True,False,,
1378977,42,33,19465,David Raya,90.0,G,,,,,,,,1,0,1.0,1.0,,,False,False,,
1378977,42,33,19959,Ben White,71.0,D,,,,1.0,,2.0,,0,0,9.0,5.0,2.0,1.0,False,False,,
1378977,42,33,22090,William Saliba,90.0,D,,,,,,2.0,,0,0,13.0,8.0,4.0,1.0,False,False,,
1378977,42,33,22224,Gabriel Magalhães,90.0,D,,,,,,1.0,2.0,0,0,11.0,6.0,1.0,1.0,False,False,,
1378977,42,33,157052,Riccardo Calafiori,72.0,D,,,,1.0,1.0,2.0,,1,0,6.0,3.0,1.0,,False,False,,
1378977,42,33,37127,Martin Ødegaard,90.0,M,,,,2.0,1.0,1.0,1.0,0,0,8.0,5.0,1.0,5.0,False,False,,
1378977,42,33,47315,Martín Zubimendi,90.0,M,,,,,,2.0,,0,0,8.0,4.0,3.0,,False,False,,
1378977,42,33,2937,Declan Rice,83.0,M,,,,1.0,,1.0,,0,0,3.0,,,,False,False,,
1378977,42,33,1460,Bukayo Saka,90.0,F,,,,,,,,0,0,17.0,6.0,3.0,8.0,False,False,,
1378977,42,33,18979,Viktor Gyökeres,60.0,F,,,,,,3.0,2.0,0,0,13.0,3.0,,1.0,False,False,,
1378977,42,33,127769,Gabriel Martinelli,60.0,F,,,,1.0,1.0,,1.0,0,0,4.0,2.0,1.0,1.0,False,False,,
1378977,42,33,136723,Noni Madueke,31.0,F,,,,,,1.0,1.0,0,0,6.0,1.0,,1.0,True,False,,
1378977,42,33,978,Kai Havertz,31.0,F,,,,,,,2.0,0,0,10.0,5.0,,2.0,True,False,,
1378977,42,33,38746,Jurriën Timber,20.0,D,,,,,,2.0,1.0,1,0,9.0,3.0,2.0,4.0,True,False,,
1378977,42,33,313245,Myles Lewis-Skelly,19.0,D,,,,,,1.0,,1,0,1.0,,,,True,False,,
1378977,42,33,47311,Mikel Merino,8.0,M,,,,,,1.0,,0,0,4.0,1.0,,,True,False,,
1378977,42,33,2273,Kepa Arrizabalaga,,G,,,,,,,,0,0,,,,,True,False,,
1378977,42,33,333682,Cristhian Mosquera,,D,,,,,,,,0,0,,,,,True,False,,
1378977,42,33,313236,Ethan Nwaneri,,M,,,,,,,,0,0,,,,,True,False,,
1378977,42,33,1946,Leandro Trossard,,F,,,,,,,,0,0,,,,,True,False,,
1378978,63,45,80296,Lucas Perri,90.0,G,,,,,,,,0,0,2.0,2.0,,,False,False,,
1378978,63,45,19201,Jayden Bogle,90.0,D,,,,,,1.0,,0,0,8.0,5.0,2.0,1.0,False,False,,
1378978,63,45,19321,Joe Rodon,90.0,D,,,,,,,1.0,0,0,7.0,4.0,,,False,False,,
1378978,63,45,64003,Pascal Struijk,90.0,D,,,,1.0,,,,0,0,5.0,2.0,,,False,False,,
1378978,63,45,47969,Gabriel Gudmundsson,90.0,D,,,,,,,,0,0,11.0,7.0,1.0,5.0,False,False,,
1378978,63,45,32966,Ao Tanaka,89.0,M,,,,2.0,,1.0,2.0,0,0,7.0,2.0,,1.0,False,False,,
1378978,63,45,2279,Ethan Ampadu,78.0,M,,,,,,1.0,1.0,0,0,8.0,6.0,3.0,,False,False,,
1378978,63,45,177665,Anton Stach,90.0,M,,,,3.0,1.0,1.0,1.0,0,0,10.0,5.0,2.0,4.0,False,False,,
1378978,63,45,19329,Daniel James,78.0,F,,,,,,,,0,0,4.0,1.0,,2.0,False,False,,
1378978,63,45,250,Joël Piroe,78.0,F,,,,1.0,1.0,1.0,,0,0,8.0,1.0,,,False,False,,
1378978,63,45,162128,Wilfried Gnonto,67.0,F,,,,2.0,,,,0,0,10.0,4.0,4.0,2.0,False,False,,
1378978,63,45,50739,Brenden Aaronson,24.0,M,,,,,,1.0,1.0,0,0,6.0,3.0,2.0,,True,False,,
1378978,63,45,129142,Ilia Gruev,13.0,M,,,,,,,,0,0,1.0,,,,True,False,,
1378978,63,45,19128,Jack Harrison,13.0,F,,,,,,,,0,0,2.0,2.0,1.0,,True,False,,
1378978,63,45,19461,Lukas Nmecha,13.0,F,,,,1.0,1.0,,1.0,0,0,3.0,1.0,,,True,False,,
1378978,63,45,18901,Sean Longstaff,1.0,M,,,,,,,,0,0,,,,,True,False,,
1378978,63,45,18885,Karl Darlow,,G,,,,,,,,0,0,,,,,True,False,,
1378978,63,45,19287,Sam Byram,,D,,,,,,,,0,0,,,,,True,False,,
1378978,63,45,1408,Sebastiaan Bornauw,,D,,,,,,,,0,0,,,,,True,False,,
1378978,63,45,138776,Largie Ramazani,,F,,,,,,,,0,0,,,,,True,False,,
1378978,45,63,2932,Jordan Pickford,90.0,G,,,,,,,,0,0,,,,,False,False,,
1378978,45,63,270139,Jake O'Brien,90.0,D,,,,1.0,,1.0,1.0,0,0,14.0,7.0,2.0,3.0,False,False,,
1378978,45,63,2936,James Tarkowski,90.0,D,,,,1.0,,2.0,,0,0,14.0,8.0,2.0,3.0,False,False,,
1378978,45,63,2934,Michael Keane,90.0,D,,,,,,1.0,,0,0,4.0,2.0,,1.0,False,False,,
1378978,45,63,895,James Garner,90.0,D,,,,,,,,0,0,5.0,2.0,2.0,1.0,False,False,,
1378978,45,63,284500,Tim Iroegbunam,71.0,M,,,,,,2.0,,1,0,7.0,3.0,3.0,2.0,False,False,,
1378978,45,63,2990,Idrissa Gueye,90.0,M,,,,1.0,,,1.0,0,0,3.0,2.0,1.0,1.0,False,False,,
1378978,45,63,195993,Carlos Alcaraz,86.0,M,,,,1.0,1.0,,1.0,1,0,10.0,6.0,1.0,2.0,False,False,,
1378978,45,63,148099,Kiernan Dewsbury-Hall,90.0,M,,,,,,1.0,2.0,0,0,7.0,5.0,2.0,1.0,False,False,,
1378978,45,63,18592,Iliman Ndiaye,90.0,M,,,,,,,,0,0,6.0,4.0,2.0,3.0,False,False,,
1378978,45,63,125743,Beto,90.0,F,,,,,,1.0,,0,0,17.0,7.0,1.0,1.0,False,False,,
1378978,45,63,19187,Jack Grealish,20.0,M,,,,,,,1.0,0,0,3.0,1.0,,,True,False,,
1378978,45,63,343684,Thierno Barry,12.0,F,,,,,,,,0,0,2.0,,,,True,False,,
1378978,45,63,18860,Mark Travers,,G,,,,,,,,0,0,,,,,True,False,,
1378978,45,63,138844,Harry Tyrer,,G,,,,,,,,0,0,,,,,True,False,,
1378978,45,63,18758,Séamus Coleman,,D,,,,,,,,0,0,,,,,True,False,,
1378978,45,63,18929,Dwight McNeil,,F,,,,,,,,0,0,,,,,True,False,,
1378978,45,63,405360,Harrison Armstrong,,M,,,,,,,,0,0,,,,,True,False,,
1378978,45,63,167657,Tyler Onyango,,M,,,,,,,,0,0,,,,,True,False,,
1378978,45,63,330412,Youssef Chermiti,,F,,,,,,,,0,0,,,,,True,False,,
1378988,48,49,15870,Mads Hermansen,90.0,G,,,,,,,,0,0,,,,,False,False,,
1378988,48,49,138,Jean-Clair Todibo,45.0,D,,,,,,,,0,0,2.0,,,,False,False,,
1378988,48,49,18744,Max Kilman,90.0,D,,,,1.0,,2.0,,0,0,5.0,1.0,,,False,False,,
1378988,48,49,21694,Nayef Aguerd,90.0,D,,,,2.0,,,1.0,0,0,7.0,5.0,1.0,,False,False,,
1378988,48,49,18846,Aaron Wan-Bissaka,90.0,M,,,,,,,1.0,0,0,3.0,3.0,,,False,False,,
1378988,48,49,2938,James Ward-Prowse,90.0,M,,,,,,1.0,1.0,0,0,5.0,4.0,2.0,,False,False,,
1378988,48,49,1243,Tomáš Souček,70.0,M,,,,1.0,1.0,1.0,1.0,0,0,10.0,4.0,1.0,2.0,False,False,,
1378988,48,49,409303,El Hadji Malick Diouf,90.0,M,,,,,,1.0,,0,0,6.0,1.0,1.0,2.0,False,False,,
1378988,48,49,1646,Lucas Paquetá,90.0,F,,,,2.0,2.0,1.0,1.0,0,0,12.0,6.0,5.0,3.0,False,False,,
1378988,48,49,19428,Jarrod Bowen,90.0,F,,,,1.0,1.0,,2.0,0,0,9.0,4.0,,3.0,False,False,,
1378988,48,49,25391,Niclas Füllkrug,45.0,F,,,,,,,,0,0,9.0,3.0,,,False,False,,
1378988,48,49,284446,Freddie Potts,45.0,M,,,,,,,,0,0,5.0,2.0,1.0,1.0,True,False,,
1378988,48,49,2939,Callum Wilson,45.0,F,,,,1.0,,1.0,1.0,0,0,8.0,4.0,,3.0,True,False,,
1378988,48,49,171,Kyle Walker-Peters,21.0,D,,,,1.0,,,1.0,0,0,3.0,2.0,,1.0,True,False,,
1378988,48,49,253,Alphonse Aréola,,G,,,,,,,,0,0,,,,,True,False,,
1378988,48,49,1445,Konstantinos Mavropanos,,D,,,,,,,,0,0,,,,,True,False,,
1378988,48,49,2476,Guido Rodríguez,,M,,,,,,,,0,0,,,,,True,False,,
1378988,48,49,327730,Oliver Scarles,,D,,,,,,,,0,0,,,,,True,False,,
1378988,48,49,68466,Andy Irving,,M,,,,,,,,0,0,,,,,True,False,,
1378988,48,49,344707,Callum Marshall,,F,,,,,,,,0,0,,,,,True,False,,
1378988,49,48,18959,Robert Sánchez,90.0,G,,,,,,,,0,0,,,,,False,False,,
1378988,49,48,161907,Malo Gusto,69.0,D,,,,,,,1.0,0,0,6.0,4.0,2.0,,False,False,,
1378988,49,48,19720,Trevoh Chalobah,69.0,D,,,,1.0,1.0,,,0,0,6.0,5.0,2.0,1.0,False,False,,
1378988,49,48,19145,Tosin Adarabioyo,90.0,D,,,,,,,,0,0,7.0,5.0,3.0,,False,False,,
1378988,49,48,47380,Marc Cucurella,69.0,D,,,,,,,,0,0,3.0,2.0,1.0,,False,False,,
1378988,49,48,116117,Moisés Caicedo,90.0,M,,,,1.0,1.0,2.0,1.0,0,0,7.0,4.0,3.0,,False,False,,
1378988,49,48,5996,Enzo Fernández,90.0,M,,,,3.0,1.0,2.0,,0,0,7.0,2.0,2.0,1.0,False,False,,
1378988,49,48,425733,Estêvão Willian,77.0,M,,,,1.0,1.0,1.0,,0,0,9.0,5.0,3.0,3.0,False,False,,
1378988,49,48,10329,João Pedro,90.0,M,,,,3.0,1.0,2.0,1.0,0,0,15.0,9.0,1.0,2.0,False,False,,
1378988,49,48,1864,Pedro Neto,90.0,M,,,,1.0,1.0,,1.0,0,0,6.0,2.0,1.0,1.0,False,False,,
1378988,49,48,161948,Liam Delap,62.0,F,,,,1.0,1.0,,1.0,0,0,5.0,3.0,,,False,False,,
1378988,49,48,305834,Andrey Santos,29.0,M,,,,,,,,0,0,,,,,True,False,,
1378988,49,48,22094,Wesley Fofana,22.0,D,,,,,,1.0,1.0,0,0,6.0,2.0,1.0,,True,False,,
1378988,49,48,341642,Jorrel Hato,22.0,D,,,,,,1.0,,1,0,4.0,,,,True,False,,
1378988,49,48,19545,Reece James,22.0,D,,,,,,1.0,1.0,0,0,3.0,2.0,,,True,False,,
1378988,49,48,286894,Jamie Gittens,14.0,F,,,,,,,,0,0,,,,,True,False,,
1378988,49,48,286616,Filip Jørgensen,,G,,,,,,,,0,0,,,,,True,False,,
1378988,49,48,64167,Gabriel Słonina,,G,,,,,,,,0,0,,,,,True,False,,
1378988,49,48,366735,Josh Acheampong,,D,,,,,,,,0,0,,,,,True,False,,
1378988,49,48,308678,Dário Essugo,,M,,,,,,,,0,0,,,,,True,False,,
1378986,50,47,162489,James Trafford,90.0,G,,,,,,,1.0,0,0,3.0,3.0,2.0,,False,False,,
1378986,50,47,284230,Rico Lewis,90.0,D,,,,1.0,,1.0,,0,0,8.0,2.0,2.0,,False,False,,
1378986,50,47,626,John Stones,90.0,D,,,,,,,,0,0,5.0,4.0,,,False,False,,
1378986,50,47,567,Rúben Dias,90.0,D,,,,,,,,0,0,7.0,4.0,2.0,1.0,False,False,,
1378986,50,47,21138,Rayan Aït-Nouri,23.0,D,,,,,,,,0,0,2.0,,,,False,False,,
1378986,50,47,161933,Nico González,75.0,M,,,,,,1.0,1.0,1,0,12.0,8.0,3.0,1.0,False,False,,
1378986,50,47,278133,Oscar Bobb,75.0,M,,,,,,1.0,4.0,0,0,14.0,8.0,3.0,4.0,False,False,,
1378986,50,47,156477,Rayan Cherki,54.0,M,,,,,,1.0,,0,0,11.0,5.0,4.0,3.0,False,False,,
1378986,50,47,36902,Tijjani Reijnders,90.0,M,,,,,,,1.0,0,0,2.0,2.0,1.0,,False,False,,
1378986,50,47,81573,Omar Marmoush,54.0,M,,,,3.0,2.0,,1.0,0,0,6.0,4.0,1.0,1.0,False,False,,
1378986,50,47,1100,Erling Haaland,90.0,F,,,,1.0,,1.0,,0,0,4.0,2.0,,1.0,False,False,,
1378986,50,47,18861,Nathan Aké,68.0,D,,,,,,,2.0,0,0,5.0,3.0,1.0,1.0,True,False,,
1378986,50,47,636,Bernardo Silva,37.0,M,,,,,,,,0,0,7.0,,,,True,False,,
1378986,50,47,1422,Jérémy Doku,37.0,F,,,,,,1.0,,0,0,6.0,1.0,,2.0,True,False,,
1378986,50,47,44,Rodri,16.0,M,,,,1.0,1.0,1.0,1.0,0,0,5.0,4.0,1.0,1.0,True,False,,
1378986,50,47,631,Phil Foden,16.0,M,,,,1.0,1.0,,1.0,0,0,1.0,1.0,,,True,False,,
1378986,50,47,617,Ederson,,G,,,,,,,,0,0,,,,,True,False,,
1378986,50,47,360114,Abdukodir Khusanov,,D,,,,,,,,0,0,,,,,True,False,,
1378986,50,47,41621,Matheus Nunes,,M,,,,,,,,0,0,,,,,True,False,,
1378986,50,47,307123,Nico O'Reilly,,M,,,,,,,,0,0,,,,,True,False,,
1378986,47,50,31354,Guglielmo Vicario,90.0,G,,,,,,,,0,0,,,,,False,False,,
1378986,47,50,47519,Pedro Porro,90.0,D,,,,1.0,,2.0,,1,0,7.0,2.0,1.0,2.0,False,False,,
1378986,47,50,30776,Cristian Romero,90.0,D,,,,,,1.0,1.0,1,0,5.0,4.0,3.0,,False,False,,
1378986,47,50,152849,Micky van de Ven,90.0,D,,,,,,2.0,,0,0,5.0,2.0,1.0,,False,False,,
1378986,47,50,19235,Djed Spence,90.0,D,,,,,,,1.0,0,0,10.0,4.0,2.0,3.0,False,False,,
1378986,47,50,237129,Pape Matar Sarr,90.0,M,,,,1.0,1.0,3.0,,0,0,13.0,3.0,2.0,2.0,False,False,,
1378986,47,50,41104,João Palhinha,89.0,M,,,,1.0,1.0,1.0,1.0,0,0,12.0,8.0,4.0,2.0,False,False,,
1378986,47,50,863,Rodrigo Bentancur,90.0,M,,,,,,,,0,0,5.0,3.0,2.0,2.0,False,False,,
1378986,47,50,15911,Mohammed Kudus,86.0,F,,,,,,1.0,1.0,0,0,12.0,7.0,3.0,6.0,False,False,,
1378986,47,50,2413,Richarlison,78.0,F,,,,2.0,,1.0,2.0,1,0,15.0,6.0,2.0,2.0,False,False,,
1378986,47,50,129711,Brennan Johnson,78.0,F,,,,2.0,1.0,,1.0,1,0,7.0,5.0,4.0,1.0,False,False,,
1378986,47,50,18883,Dominic Solanke,13.0,F,,,,1.0,1.0,,,0,0,2.0,,,,True,False,,
1378986,47,50,336564,Wilson Odobert,13.0,F,,,,2.0,1.0,,,0,0,2.0,1.0,,2.0,True,False,,
1378986,47,50,347316,Lucas Bergvall,9.0,M,,,,,,1.0,,0,0,2.0,1.0,,1.0,True,False,,
1378986,47,50,25287,Kevin Danso,1.0,D,,,,,,,,0,0,1.0,1.0,,,True,False,,
1378986,47,50,265826,Antonín Kinský,,G,,,,,,,,0,0,,,,,True,False,,
1378986,47,50,328089,Archie Gray,,M,,,,,,,,0,0,,,,,True,False,,
1378986,47,50,387521,Luka Vušković,,D,,,,,,,,0,0,,,,,True,False,,
1378986,47,50,164,Ben Davies,,D,,,,,,,,0,0,,,,,True,False,,
1378986,47,50,270510,Mathys Tel,,F,,,,,,,,0,0,,,,,True,False,,
1378980,35,39,118307,Đorđe Petrović,90.0,G,,,,,,,,0,0,1.0,1.0,,,False,False,,
1378980,35,39,18869,Adam Smith,90.0,D,,,,,,1.0,2.0,0,0,4.0,2.0,,,False,False,,
1378980,35,39,22136,Bafodé Diakité,90.0,D,,,,,,,,0,0,9.0,5.0,3.0,,False,False,,
1378980,35,39,6610,Marcos Senesi,90.0,D,,,,,,,,0,0,5.0,2.0,1.0,,False,False,,
1378980,35,39,162267,Adrien Truffert,90.0,D,,,,,,,1.0,0,0,6.0,3.0,,1.0,False,False,,
1378980,35,39,1150,Tyler Adams,88.0,M,,,,1.0,1.0,2.0,2.0,1,0,10.0,5.0,2.0,1.0,False,False,,
1378980,35,39,18870,David Brooks,66.0,M,,,,1.0,,1.0,1.0,0,0,7.0,3.0,,4.0,False,False,,
1378980,35,39,304853,Alex Scott,66.0,M,,,,1.0,,3.0,3.0,1,0,14.0,7.0,3.0,4.0,False,False,,
1378980,35,39,19245,Marcus Tavernier,78.0,M,,,,2.0,2.0,,,0,0,6.0,3.0,,3.0,False,False,,
1378980,35,39,19281,Antoine Semenyo,90.0,M,,,,3.0,1.0,2.0,,0,0,16.0,2.0,,2.0,False,False,,
1378980,35,39,152856,Evanilson,88.0,F,,,,,,1.0,3.0,0,0,10.0,3.0,,,False,False,,
1378980,35,39,1125,Ryan Christie,25.0,M,,,,,,1.0,2.0,0,0,6.0,2.0,,2.0,True,False,,
1378980,35,39,129682,Amine Adli,24.0,F,,,,,,1.0,2.0,0,0,11.0,7.0,3.0,4.0,True,False,,
1378980,35,39,792,Justin Kluivert,13.0,F,,,,1.0,,1.0,,0,0,4.0,,,1.0,True,False,,
1378980,35,39,20093,James Hill,9.0,D,,,,,,,,0,0,,,,,True,False,,
1378980,35,39,368030,Eli Junior Kroupi,9.0,F,,,,,,,,0,0,,,,,True,False,,
1378980,35,39,151756,Will Dennis,,G,,,,,,,,0,0,,,,,True,False,,
1378980,35,39,51051,Julián Araujo,,D,,,,,,,,0,0,,,,,True,False,,
1378980,35,39,363333,Julio Soler,,D,,,,,,,,0,0,,,,,True,False,,
1378980,35,39,343576,Ben Doak,,F,,,,,,,,0,0,,,,,True,False,,
1378980,39,35,1590,José Sá,90.0,G,,,,,,,,0,0,1.0,1.0,,,False,False,,
1378980,39,35,18742,Matt Doherty,90.0,D,,,,,,3.0,1.0,1,0,16.0,9.0,3.0,,False,False,,
1378980,39,35,135068,Emmanuel Agbadou,90.0,D,,,,,,,,0,0,8.0,8.0,2.0,,False,False,,
1378980,39,35,41606,Toti Gomes,49.0,D,,,,,,2.0,,1,1,3.0,1.0,,,False,False,,
1378980,39,35,285,Ki-Jana Hoever,35.0,M,,,,,,,,0,0,,,,,False,False,,
1378980,39,35,20665,Jean-Ricner Bellegarde,45.0,M,,,,,,,2.0,0,0,5.0,4.0,2.0,1.0,False,False,,
1378980,39,35,195103,João Gomes,90.0,M,,,,,,3.0,5.0,1,0,16.0,9.0,3.0,,False,False,,
1378980,39,35,265782,David Möller Wolfe,45.0,M,,,,,,,1.0,0,0,3.0,3.0,1.0,1.0,False,False,,
1378980,39,35,3080,Marshall Munetsi,90.0,F,,,,1.0,,2.0,1.0,0,0,11.0,6.0,1.0,1.0,False,False,,
1378980,39,35,2032,Jørgen Strand Larsen,78.0,F,,,,1.0,1.0,2.0,,0,0,15.0,5.0,,1.0,False,False,,
1378980,39,35,13708,Jhon Arias,56.0,F,,,,1.0,,1.0,,0,0,7.0,4.0,4.0,,False,False,,
1378980,39,35,296560,Jackson Tchatchoua,56.0,D,,,,,,,,0,0,4.0,2.0,,,True,False,,
1378980,39,35,280687,Hugo Bueno,45.0,D,,,,1.0,,2.0,1.0,1,0,6.0,2.0,1.0,1.0,True,False,,
1378980,39,35,265784,André,45.0,M,,,,,,,1.0,0,0,6.0,5.0,2.0,2.0,True,False,,
1378980,39,35,135334,Santiago Bueno,35.0,D,,,,,,,1.0,0,0,6.0,5.0,2.0,,True,False,,
1378980,39,35,24888,Hee-Chan Hwang,13.0,F,,,,,,1.0,,0,0,2.0,,,1.0,True,False,,
1378980,39,35,19143,Sam Johnstone,,G,,,,,,,,0,0,,,,,True,False,,
1378980,39,35,195717,Yerson Mosquera,,D,,,,,,,,0,0,,,,,True,False,,
1378980,39,35,282770,Rodrigo Gomes,,D,,,,,,,,0,0,,,,,True,False,,
1378980,39,35,391822,Fer López,,F,,,,,,,,0,0,,,,,True,False,,
1378982,44,746,18886,Martin Dúbravka,90.0,G,,,,,,,,0,0,,,,,False,False,,
1378982,44,746,627,Kyle Walker,90.0,D,,,,,,1.0,,0,0,4.0,2.0,1.0,,False,False,,
1378982,44,746,47903,Hjalmar Ekdal,90.0,D,,,,,,,,0,0,5.0,4.0,2.0,,False,False,,
1378982,44,746,179400,Maxime Estève,83.0,D,,,,,,,,0,0,5.0,5.0,1.0,,False,False,,
1378982,44,746,375915,Quilindschy Hartman,90.0,D,,,,,,,,0,0,8.0,6.0,5.0,2.0,False,False,,
1378982,44,746,270508,Lesley Ugochukwu,69.0,M,,,,1.0,,,,0,0,4.0,2.0,2.0,1.0,False,False,,
1378982,44,746,19827,Josh Cullen,90.0,M,,,,1.0,1.0,,1.0,0,0,6.0,2.0,1.0,,False,False,,
1378982,44,746,22,Jacob Bruun Larsen,69.0,M,,,,1.0,,,,0,0,3.0,1.0,,,False,False,,
1378982,44,746,180560,Hannibal Mejbri,83.0,M,,,,,,3.0,2.0,0,0,16.0,5.0,3.0,1.0,False,False,,
1378982,44,746,196855,Jaidon Anthony,90.0,M,,,,2.0,1.0,,,0,0,12.0,7.0,3.0,2.0,False,False,,
1378982,44,746,98936,Lyle Foster,86.0,F,,,,,,3.0,1.0,0,0,16.0,5.0,2.0,1.0,False,False,,
1378982,44,746,128895,Oliver Sonne,22.0,D,,,,,,1.0,,0,0,2.0,,,1.0,True,False,,
1378982,44,746,20303,Josh Laurent,22.0,M,,,,,,1.0,,0,0,5.0,2.0,1.0,1.0,True,False,,
1378982,44,746,1746,Joe Worrall,8.0,D,,,,,,,,0,0,1.0,1.0,1.0,,True,False,,
1378982,44,746,161621,Loum Tchaouna,8.0,F,,,,1.0,,,1.0,0,0,4.0,3.0,,1.0,True,False,,
1378982,44,746,36927,Zian Flemming,15.0,M,,,,,,,,0,0,2.0,,,1.0,True,False,,
1378982,44,746,328273,Max Weiss,,G,,,,,,,,0,0,,,,,True,False,,
1378982,44,746,330238,Lucas Pires,,D,,,,,,,,0,0,,,,,True,False,,
1378982,44,746,37882,Marcus Edwards,,F,,,,,,,,0,0,,,,,True,False,,
1378982,44,746,278079,Aaron Ramsey,,M,,,,,,,,0,0,,,,,True,False,,
1378982,746,44,194536,Robin Roefs,90.0,G,,,,,,,,0,0,1.0,,,,False,False,,
1378982,746,44,119121,Trai Hume,90.0,D,,,,,,,1.0,0,0,9.0,6.0,2.0,1.0,False,False,,
1378982,746,44,55904,Daniel Ballard,9.0,D,,,,,,,,0,0,1.0,1.0,,,False,False,,
1378982,746,44,6168,Omar Alderete,90.0,D,,,,,,1.0,1.0,0,0,11.0,6.0,2.0,1.0,False,False,,
1378982,746,44,22225,Reinildo Mandava,90.0,D,,,,,,,2.0,0,0,13.0,10.0,5.0,,False,False,,
1378982,746,44,327631,Habib Diarra,80.0,M,,,,,,,,0,0,6.0,1.0,,1.0,False,False,,
1378982,746,44,1464,Granit Xhaka,90.0,M,,,,1.0,,1.0,,0,0,6.0,3.0,2.0,,False,False,,
1378982,746,44,365331,Noah Sadiki,90.0,M,,,,,,1.0,1.0,0,0,6.0,3.0,2.0,,False,False,,
1378982,746,44,336659,Chemsdine Talbi,63.0,F,,,,1.0,,,,0,0,2.0,,,1.0,False,False,,
1378982,746,44,349799,Eliezer Mayenda,63.0,F,,,,1.0,1.0,1.0,,0,0,10.0,3.0,1.0,1.0,False,False,,
1378982,746,44,301771,Simon Adingra,63.0,F,,,,,,,1.0,1,0,4.0,2.0,,,False,False,,
1378982,746,44,290545,Jenson Seelt,82.0,D,,,,,,1.0,1.0,0,0,10.0,7.0,2.0,,True,False,,
1378982,746,44,47521,Patrick Roberts,28.0,M,,,,,,,,0,0,2.0,1.0,,1.0,True,False,,
1378982,746,44,20638,Enzo Le Fée,28.0,M,,,,,,,2.0,0,0,6.0,4.0,2.0,1.0,True,False,,
1378982,746,44,84087,Wilson Isidor,28.0,F,,,,,,,,0,0,3.0,,,2.0,True,False,,
1378982,746,44,392270,Marc Guiu,11.0,F,,,,1.0,,,,0,0,3.0,1.0,,,True,False,,
1378982,746,44,19881,Anthony Patterson,,G,,,,,,,,0,0,,,,,True,False,,
1378982,746,44,18816,Arthur Masuaku,,D,,,,,,,,0,0,,,,,True,False,,
1378982,746,44,19910,Dan Neil,,M,,,,,,,,0,0,,,,,True,False,,
1378982,746,44,339201,Chris Rigg,,M,,,,,,,,0,0,,,,,True,False,,
1378981,55,66,281,Caoimhin Kelleher,90.0,G,,,,,,,,1,0,,,,,False,False,,
1378981,55,66,342022,Michael Kayode,85.0,D,,,,,,1.0,,0,0,9.0,6.0,5.0,1.0,False,False,,
1378981,55,66,19495,Nathan Collins,90.0,D,,,,,,1.0,1.0,0,0,6.0,4.0,1.0,,False,False,,
1378981,55,66,36922,Sepp van den Berg,90.0,D,,,,,,1.0,,0,0,8.0,3.0,,,False,False,,
1378981,55,66,106725,Keane Lewis-Potter,90.0,D,,,,,,,2.0,0,0,8.0,5.0,1.0,1.0,False,False,,
1378981,55,66,263538,Yehor Yarmolyuk,79.0,M,,,,1.0,,1.0,,0,0,9.0,6.0,5.0,1.0,False,False,,
1378981,55,66,292,Jordan Henderson,69.0,M,,,,,,1.0,1.0,0,0,6.0,3.0,2.0,,False,False,,
1378981,55,66,284797,Dango Ouattara,84.0,M,,,,2.0,2.0,4.0,1.0,0,0,18.0,10.0,4.0,4.0,False,False,,
1378981,55,66,15908,Mikkel Damsgaard,90.0,M,,,,1.0,,,1.0,0,0,13.0,7.0,4.0,3.0,False,False,,
1378981,55,66,178077,Kevin Schade,79.0,M,,,,,,,1.0,0,0,11.0,7.0,2.0,1.0,False,False,,
1378981,55,66,196156,Igor Thiago,90.0,F,,,,2.0,,2.0,,0,0,17.0,5.0,2.0,3.0,False,False,,
1378981,55,66,15799,Frank Onyeka,22.0,M,,,,,,,2.0,0,0,3.0,2.0,,,True,False,,
1378981,55,66,44871,Aaron Hickey,12.0,D,,,,,,,,0,0,2.0,2.0,2.0,,True,False,,
1378981,55,66,47438,Mathias Jensen,12.0,M,,,,,,,,0,0,1.0,1.0,1.0,,True,False,,
1378981,55,66,19346,Rico Henry,12.0,D,,,,,,,,0,0,,,,,True,False,,
1378981,55,66,1119,Kristoffer Ajer,11.0,D,,,,,,,,0,0,,,,,True,False,,
1378981,55,66,61742,Hákon Rafn Valdimarsson,,G,,,,,,,,0,0,,,,,True,False,,
1378981,55,66,319517,Antoni Milambo,,M,,,,,,,,0,0,,,,,True,False,,
1378981,55,66,180308,Myles Peart-Harris,,M,,,,,,,,0,0,,,,,True,False,,
1378981,55,66,153066,Fabio Carvalho,,M,,,,,,,,0,0,,,,,True,False,,
1378981,66,55,19599,Emiliano Martínez,90.0,G,,,,,,,1.0,0,0,1.0,1.0,,,False,False,,
1378981,66,55,19298,Matty Cash,90.0,D,,,,,,,1.0,0,0,11.0,5.0,3.0,1.0,False,False,,
1378981,66,55,19179,Tyrone Mings,90.0,D,,,,1.0,,1.0,1.0,0,0,13.0,9.0,,1.0,False,False,,
1378981,66,55,46815,Pau Torres,90.0,D,,,,,,,,0,0,7.0,3.0,2.0,1.0,False,False,,
1378981,66,55,2724,Lucas Digne,64.0,D,,,,,,,2.0,0,0,7.0,4.0,1.0,1.0,False,False,,
1378981,66,55,1904,Boubacar Kamara,16.0,M,,,,,,,,0,0,2.0,1.0,1.0,,False,False,,
1378981,66,55,162714,Amadou Onana,64.0,M,,,,1.0,1.0,1.0,1.0,1,0,6.0,5.0,2.0,,False,False,,
1378981,66,55,19191,John McGinn,74.0,M,,,,1.0,1.0,1.0,2.0,0,0,12.0,5.0,,3.0,False,False,,
1378981,66,55,2926,Youri Tielemans,90.0,M,,,,1.0,,1.0,1.0,0,0,8.0,3.0,1.0,1.0,False,False,,
1378981,66,55,19170,Morgan Rogers,90.0,M,,,,1.0,,,1.0,0,0,12.0,5.0,,9.0,False,False,,
1378981,66,55,19366,Ollie Watkins,90.0,F,,,,2.0,,,1.0,0,0,7.0,3.0,1.0,2.0,False,False,,
1378981,66,55,19071,Emiliano Buendía,60.0,M,,,,2.0,,1.0,,0,0,9.0,2.0,1.0,,True,False,,
1378981,66,55,138816,Ian Maatsen,27.0,D,,,,,,1.0,,0,0,4.0,2.0,1.0,,True,False,,
1378981,66,55,249,Donyell Malen,27.0,F,,,,,,,,0,0,,,,,True,False,,
1378981,66,55,284457,Lamare Bogarde,16.0,D,,,,,,2.0,,1,0,4.0,,,,True,False,,
1378981,66,55,137303,Evann Guessand,16.0,F,,,,,,1.0,,0,0,8.0,2.0,1.0,4.0,True,False,,
1378981,66,55,36878,Marco Bizot,,G,,,,,,,,0,0,,,,,True,False,,
1378981,66,55,398004,Sam Proctor,,G,,,,,,,,0,0,,,,,True,False,,
1378981,66,55,360269,Triston Rowe,,D,,,,,,,,0,0,,,,,True,False,,
1378981,66,55,453101,Bradley Burrowes,,M,,,,,,,,0,0,,,,,True,False,,
1378979,42,63,19465,David Raya,90.0,G,,,,,,,,0,0,,,,,False,False,,
1378979,42,63,38746,Jurriën Timber,64.0,D,,,,3.0,2.0,,,0,0,9.0,6.0,4.0,1.0,False,False,,
1378979,42,63,22090,William Saliba,90.0,D,,,,,,1.0,1.0,0,0,4.0,3.0,,,False,False,,
1378979,42,63,22224,Gabriel Magalhães,90.0,D,,,,1.0,,,1.0,0,0,5.0,4.0,,,False,False,,
1378979,42,63,157052,Riccardo Calafiori,64.0,D,,,,1.0,,1.0,,0,0,4.0,2.0,,2.0,False,False,,
1378979,42,63,37127,Martin Ødegaard,38.0,M,,,,1.0,,,1.0,0,0,2.0,2.0,1.0,,False,False,,
1378979,42,63,47315,Martín Zubimendi,90.0,M,,,,1.0,,2.0,1.0,0,0,7.0,5.0,2.0,1.0,False,False,,
1378979,42,63,2937,Declan Rice,90.0,M,,,,,,1.0,,0,0,3.0,1.0,,1.0,False,False,,
1378979,42,63,1460,Bukayo Saka,53.0,F,,,,1.0,1.0,,1.0,0,0,3.0,1.0,,2.0,False,False,,
1378979,42,63,18979,Viktor Gyökeres,90.0,F,,,,3.0,2.0,1.0,2.0,0,0,10.0,6.0,,3.0,False,False,,
1378979,42,63,136723,Noni Madueke,64.0,F,,,,,,1.0,1.0,0,0,7.0,3.0,,2.0,False,False,,
1378979,42,63,313236,Ethan Nwaneri,53.0,M,,,,,,,,0,0,6.0,3.0,1.0,4.0,True,False,,
1378979,42,63,1946,Leandro Trossard,38.0,F,,,,1.0,,,,0,0,4.0,1.0,,2.0,True,False,,
1378979,42,63,333682,Cristhian Mosquera,27.0,D,,,,,,,,0,0,2.0,2.0,2.0,,True,False,,
1378979,42,63,313245,Myles Lewis-Skelly,27.0,D,,,,,,1.0,1.0,0,0,6.0,4.0,1.0,2.0,True,False,,
1378979,42,63,442044,Max Dowman,27.0,M,,,,2.0,,,2.0,0,0,9.0,5.0,2.0,4.0,True,False,,
1378979,42,63,2273,Kepa Arrizabalaga,,G,,,,,,,,0,0,,,,,True,False,,
1378979,42,63,61431,Jakub Kiwior,,D,,,,,,,,0,0,,,,,True,False,,
1378979,42,63,47311,Mikel Merino,,M,,,,,,,,0,0,,,,,True,False,,
1378979,42,63,127769,Gabriel Martinelli,,F,,,,,,,,0,0,,,,,True,False,,
1378979,63,42,80296,Lucas Perri,90.0,G,,,,,,,,0,0,,,,,False,False,,
1378979,63,42,19201,Jayden Bogle,83.0,D,,,,,,1.0,1.0,1,0,7.0,3.0,1.0,2.0,False,False,,
1378979,63,42,19321,Joe Rodon,90.0,D,,,,,,2.0,1.0,0,0,9.0,5.0,1.0,1.0,False,False,,
1378979,63,42,64003,Pascal Struijk,90.0,D,,,,1.0,1.0,,,0,0,5.0,3.0,2.0,,False,False,,
1378979,63,42,47969,Gabriel Gudmundsson,90.0,D,,,,,,3.0,,1,0,12.0,3.0,3.0,3.0,False,False,,
1378979,63,42,32966,Ao Tanaka,58.0,M,,,,,,,,0,0,6.0,,,,False,False,,
1378979,63,42,129142,Ilia Gruev,90.0,M,,,,,,,,0,0,3.0,1.0,1.0,1.0,False,False,,
1378979,63,42,177665,Anton Stach,90.0,M,,,,,,2.0,3.0,0,0,7.0,5.0,2.0,,False,False,,
1378979,63,42,19329,Daniel James,66.0,F,,,,,,,1.0,0,0,2.0,2.0,,1.0,False,False,,
1378979,63,42,250,Joël Piroe,58.0,F,,,,,,,,0,0,3.0,,,,False,False,,
1378979,63,42,162128,Wilfried Gnonto,66.0,F,,,,,,,,0,0,8.0,4.0,4.0,2.0,False,False,,
1378979,63,42,18901,Sean Longstaff,33.0,M,,,,,,,,0,0,4.0,,,,True,False,,
1378979,63,42,19461,Lukas Nmecha,33.0,F,,,,,,1.0,1.0,0,0,3.0,2.0,,,True,False,,
1378979,63,42,50739,Brenden Aaronson,25.0,M,,,,,,1.0,1.0,0,0,5.0,3.0,1.0,1.0,True,False,,
1378979,63,42,48389,Noah Okafor,25.0,F,,,,,,,,0,0,6.0,2.0,2.0,1.0,True,False,,
1378979,63,42,19287,Sam Byram,8.0,D,,,,,,1.0,,0,0,1.0,,,,True,False,,
1378979,63,42,18885,Karl Darlow,,G,,,,,,,,0,0,,,,,True,False,,
1378979,63,42,833,Jaka Bijol,,D,,,,,,,,0,0,,,,,True,False,,
1378979,63,42,1408,Sebastiaan Bornauw,,D,,,,,,,,0,0,,,,,True,False,,
1378979,63,42,19128,Jack Harrison,,F,,,,,,,,0,0,,,,,True,False,,
1378984,45,51,2932,Jordan Pickford,90.0,G,,,,,,,,0,0,1.0,1.0,,,False,False,,
1378984,45,51,270139,Jake O'Brien,90.0,D,,,,,,,,0,0,9.0,6.0,2.0,1.0,False,False,,
1378984,45,51,2936,James Tarkowski,90.0,D,,,,,,,2.0,0,0,10.0,8.0,,1.0,False,False,,
1378984,45,51,2934,Michael Keane,90.0,D,,,,,,,,0,0,6.0,4.0,2.0,,False,False,,
1378984,45,51,895,James Garner,90.0,D,,,,2.0,1.0,,,1,0,9.0,3.0,1.0,,False,False,,
1378984,45,51,284500,Tim Iroegbunam,71.0,M,,,,1.0,,2.0,3.0,1,0,10.0,7.0,,1.0,False,False,,
1378984,45,51,2990,Idrissa Gueye,90.0,M,,,,,,,2.0,0,0,11.0,8.0,2.0,1.0,False,False,,
1378984,45,51,18592,Iliman Ndiaye,64.0,M,,,,2.0,2.0,2.0,2.0,0,0,15.0,8.0,3.0,5.0,False,False,,
1378984,45,51,148099,Kiernan Dewsbury-Hall,90.0,M,,,,,,2.0,3.0,1,0,10.0,5.0,,1.0,False,False,,
1378984,45,51,19187,Jack Grealish,89.0,M,,,,,,,1.0,0,0,14.0,6.0,3.0,5.0,False,False,,
1378984,45,51,343684,Thierno Barry,64.0,F,,,,2.0,,,,0,0,11.0,6.0,,,False,False,,
1378984,45,51,195993,Carlos Alcaraz,27.0,M,,,,,,,1.0,0,0,4.0,4.0,2.0,1.0,True,False,,
1378984,45,51,125743,Beto,27.0,F,,,,1.0,,1.0,1.0,1,0,6.0,3.0,,,True,False,,
1378984,45,51,18929,Dwight McNeil,20.0,F,,,,2.0,,,,0,0,1.0,1.0,,,True,False,,
1378984,45,51,405360,Harrison Armstrong,1.0,M,,,,,,,,0,0,,,,,True,False,,
1378984,45,51,18860,Mark Travers,,G,,,,,,,,0,0,,,,,True,False,,
1378984,45,51,18758,Séamus Coleman,,D,,,,,,,,0,0,,,,,True,False,,
1378984,45,51,284385,Elijah Campbell,,D,,,,,,,,0,0,,,,,True,False,,
1378984,45,51,167657,Tyler Onyango,,M,,,,,,,,0,0,,,,,True,False,,
1378984,45,51,330412,Youssef Chermiti,,F,,,,,,,,0,0,,,,,True,False,,
1378984,51,45,129058,Bart Verbruggen,90.0,G,,,,,,,,0,0,,,,,False,False,,
1378984,51,45,92993,Mats Wieffer,85.0,D,,,,,,1.0,,1,0,16.0,10.0,7.0,1.0,False,False,,
1378984,51,45,38695,Jan Paul van Hecke,90.0,D,,,,,,,,0,0,15.0,7.0,,,False,False,,
1378984,51,45,18963,Lewis Dunk,90.0,D,,,,,,1.0,1.0,0,0,8.0,4.0,2.0,,False,False,,
1378984,51,45,162007,Maxim De Cuyper,67.0,D,,,,,,3.0,2.0,1,0,8.0,3.0,1.0,,False,False,,
1378984,51,45,356041,Carlos Baleba,45.0,M,,,,,,1.0,,0,0,9.0,4.0,,,False,False,,
1378984,51,45,265820,Yasin Ayari,67.0,M,,,,2.0,2.0,2.0,2.0,0,0,11.0,5.0,3.0,,False,False,,
1378984,51,45,383685,Yankuba Minteh,90.0,M,,,,,,2.0,,0,0,12.0,6.0,1.0,5.0,False,False,,
1378984,51,45,19030,Matt O'Riley,90.0,M,,,,3.0,1.0,,,0,0,8.0,2.0,1.0,,False,False,,
1378984,51,45,106835,Kaoru Mitoma,90.0,M,,,,1.0,,1.0,,0,0,10.0,2.0,1.0,3.0,False,False,,
1378984,51,45,1469,Danny Welbeck,90.0,F,,,,2.0,1.0,3.0,,0,0,8.0,,,,False,False,,
1378984,51,45,305730,Jack Hinshelwood,45.0,M,,,,,,,,0,0,1.0,1.0,1.0,,True,False,,
1378984,51,45,1361,Ferdi Kadıoğlu,24.0,D,,,,,,1.0,,1,0,3.0,1.0,,,True,False,,
1378984,51,45,278370,Diego Gómez,24.0,M,,,,,,,,0,0,4.0,,,2.0,True,False,,
1378984,51,45,328225,Brajan Gruda,13.0,M,,,,1.0,,,1.0,0,0,4.0,2.0,,2.0,True,False,,
1378984,51,45,18960,Jason Steele,,G,,,,,,,,0,0,,,,,True,False,,
1378984,51,45,22160,Olivier Boscagli,,D,,,,,,,,0,0,,,,,True,False,,
1378984,51,45,537,Joël Veltman,,D,,,,,,,,0,0,,,,,True,False,,
1378984,51,45,342063,Diego Coppola,,D,,,,,,,,0,0,,,,,True,False,,
1378984,51,45,296,James Milner,,M,,,,,,,,0,0,,,,,True,False,,
1378983,52,65,19088,Dean Henderson,90.0,G,,,,,,,,0,0,1.0,1.0,,,False,False,,
1378983,52,65,126949,Chris Richards,90.0,D,,,,,,1.0,,0,0,6.0,4.0,1.0,,False,False,,
1378983,52,65,20995,Maxence Lacroix,90.0,D,,,,1.0,1.0,2.0,,1,0,15.0,11.0,3.0,1.0,False,False,,
1378983,52,65,67971,Marc Guéhi,90.0,D,,,,1.0,,,1.0,0,0,5.0,4.0,1.0,,False,False,,
1378983,52,65,13736,Daniel Muñoz,90.0,M,,,,,,1.0,1.0,0,0,6.0,2.0,,1.0,False,False,,
1378983,52,65,288102,Adam Wharton,82.0,M,,,,,,,1.0,0,0,4.0,2.0,1.0,,False,False,,
1378983,52,65,18806,Will Hughes,90.0,M,,,,2.0,,2.0,1.0,1,0,9.0,5.0,4.0,1.0,False,False,,
1378983,52,65,182201,Tyrick Mitchell,90.0,M,,,,,,,,1,0,6.0,4.0,3.0,1.0,False,False,,
1378983,52,65,2218,Ismaïla Sarr,90.0,F,,,,1.0,1.0,2.0,1.0,0,0,11.0,3.0,2.0,1.0,False,False,,
1378983,52,65,25927,Jean-Philippe Mateta,88.0,F,,,,2.0,1.0,1.0,2.0,0,0,8.0,3.0,,,False,False,,
1378983,52,65,286458,Justin Devenny,66.0,F,,,,1.0,1.0,1.0,1.0,0,0,11.0,3.0,2.0,1.0,False,False,,
1378983,52,65,402640,Romain Esse,25.0,M,,,,,,1.0,2.0,0,0,8.0,5.0,2.0,1.0,True,False,,
1378983,52,65,2490,Jefferson Lerma,9.0,M,,,,,,,,0,0,,,,,True,False,,
1378983,52,65,1135,Odsonne Édouard,8.0,F,,,,,,,1.0,0,0,4.0,2.0,1.0,,True,False,,
1378983,52,65,19684,Remi Matthews,,G,,,,,,,,0,0,,,,,True,False,,
1378983,52,65,22157,Walter Benítez,,G,,,,,,,,0,0,,,,,True,False,,
1378983,52,65,18862,Nathaniel Clyne,,D,,,,,,,,0,0,,,,,True,False,,
1378983,52,65,26303,Borna Sosa,,D,,,,,,,,0,0,,,,,True,False,,
1378983,52,65,380703,Rio Cardines,,M,,,,,,,,0,0,,,,,True,False,,
1378983,52,65,301295,Kaden Rodney,,M,,,,,,,,0,0,,,,,True,False,,
1378983,65,52,2919,Matz Sels,90.0,G,,,,,,,,1,0,,,,,False,False,,
1378983,65,52,2771,Ola Aina,90.0,D,,,,,,2.0,2.0,1,0,11.0,5.0,1.0,4.0,False,False,,
1378983,65,52,2817,Nikola Milenković,90.0,D,,,,,,,1.0,0,0,8.0,5.0,1.0,,False,False,,
1378983,65,52,363695,Murillo,90.0,D,,,,,,3.0,,1,0,6.0,3.0,2.0,,False,False,,
1378983,65,52,138780,Neco Williams,90.0,D,,,,,,1.0,3.0,0,0,10.0,9.0,3.0,1.0,False,False,,
1378983,65,52,22149,Ibrahim Sangaré,88.0,M,,,,1.0,,,,0,0,8.0,2.0,1.0,1.0,False,False,,
1378983,65,52,138908,Elliot Anderson,90.0,M,,,,,,2.0,,0,0,13.0,6.0,3.0,5.0,False,False,,
1378983,65,52,48648,Dan Ndoye,71.0,M,,,,,,,,0,0,5.0,1.0,,3.0,False,False,,
1378983,65,52,18746,Morgan Gibbs-White,82.0,M,,,,1.0,,1.0,1.0,0,0,4.0,3.0,,1.0,False,False,,
1378983,65,52,2298,Callum Hudson-Odoi,72.0,M,,,,1.0,1.0,,,0,0,4.0,1.0,1.0,2.0,False,False,,
1378983,65,52,18931,Chris Wood,88.0,F,,,,2.0,,1.0,1.0,0,0,14.0,4.0,,,False,False,,
1378983,65,52,147831,Arnaud Kalimuendo,20.0,F,,,,,,,,0,0,2.0,1.0,,1.0,True,False,,
1378983,65,52,158697,James McAtee,19.0,M,,,,,,1.0,2.0,0,0,6.0,3.0,,,True,False,,
1378983,65,52,284428,Omari Hutchinson,9.0,F,,,,2.0,,,,0,0,,,,,True,False,,
1378983,65,52,19305,Ryan Yates,8.0,M,,,,,,,,0,0,2.0,2.0,,,True,False,,
1378983,65,52,9366,Igor Jesus,8.0,F,,,,1.0,,,,0,0,1.0,,,,True,False,,
1378983,65,52,18933,Angus Gunn,,G,,,,,,,,0,0,,,,,True,False,,
1378983,65,52,67943,Morato,,D,,,,,,,,0,0,,,,,True,False,,
1378983,65,52,18739,Willy Boly,,D,,,,,,,,0,0,,,,,True,False,,
1378983,65,52,47522,Douglas Luiz,,M,,,,,,,,0,0,,,,,True,False,,
1378985,36,33,1438,Bernd Leno,90.0,G,,,,,,,,0,0,1.0,1.0,,,False,False,,
1378985,36,33,657,Kenny Tete,90.0,D,,,,,,,2.0,0,0,11.0,10.0,3.0,1.0,False,False,,
1378985,36,33,2729,Joachim Andersen,90.0,D,,,,,,2.0,,0,0,7.0,4.0,1.0,,False,False,,
1378985,36,33,152967,Calvin Bassey,90.0,D,,,,1.0,,2.0,1.0,0,0,6.0,1.0,,,False,False,,
1378985,36,33,19032,Ryan Sessegnon,62.0,D,,,,,,1.0,,0,0,5.0,4.0,2.0,,False,False,,
1378985,36,33,2823,Saša Lukić,90.0,M,,,,,,2.0,3.0,1,0,10.0,4.0,1.0,,False,False,,
1378985,36,33,1934,Sander Berge,90.0,M,,,,,,,1.0,0,0,8.0,3.0,,2.0,False,False,,
1378985,36,33,2920,Timothy Castagne,62.0,M,,,,1.0,1.0,2.0,1.0,0,0,7.0,3.0,,,False,False,,
1378985,36,33,389315,Joshua King,71.0,M,,,,1.0,1.0,,,0,0,5.0,1.0,1.0,2.0,False,False,,
1378985,36,33,1455,Alex Iwobi,90.0,M,,,,2.0,1.0,,,0,0,3.0,,,2.0,False,False,,
1378985,36,33,195106,Rodrigo Muniz,71.0,F,,,,2.0,,,,0,0,17.0,6.0,1.0,3.0,False,False,,
1378985,36,33,19549,Antonee Robinson,29.0,D,,,,,,,,0,0,2.0,,,,True,False,,
1378985,36,33,19221,Harry Wilson,29.0,M,,,,,,1.0,1.0,0,0,5.0,3.0,1.0,2.0,True,False,,
1378985,36,33,1161,Emile Smith Rowe,20.0,M,,,,1.0,1.0,1.0,,0,0,2.0,,,1.0,True,False,,
1378985,36,33,2887,Raúl Jiménez,20.0,F,,,,,,1.0,,0,0,5.0,1.0,,,True,False,,
1378985,36,33,21566,Benjamin Lecomte,,G,,,,,,,,0,0,,,,,True,False,,
1378985,36,33,131,Jorge Cuenca,,D,,,,,,,,0,0,,,,,True,False,,
1378985,36,33,19480,Harrison Reed,,M,,,,,,,,0,0,,,,,True,False,,
1378985,36,33,19025,Tom Cairney,,M,,,,,,,,0,0,,,,,True,False,,
1378985,36,33,18753,Adama Traoré,,F,,,,,,,,0,0,,,,,True,False,,
1378985,33,36,50132,Altay Bayındır,90.0,G,,,,,,,,0,0,1.0,1.0,,,False,False,,
1378985,33,36,342970,Leny Yoro,87.0,D,,,,1.0,,,,0,0,5.0,4.0,2.0,,False,False,,
1378985,33,36,532,Matthijs de Ligt,90.0,D,,,,,,,,0,0,11.0,7.0,1.0,,False,False,,
1378985,33,36,891,Luke Shaw,87.0,D,,,,,,2.0,,0,0,6.0,2.0,1.0,1.0,False,False,,
1378985,33,36,157997,Amad Diallo,52.0,M,,,,1.0,1.0,,1.0,0,0,6.0,3.0,2.0,1.0,False,False,,
1378985,33,36,747,Casemiro,53.0,M,,,,,,2.0,,1,0,5.0,3.0,2.0,,False,False,,
1378985,33,36,1485,Bruno Fernandes,90.0,M,,,,2.0,1.0,,3.0,0,0,10.0,8.0,2.0,2.0,False,False,,
1378985,33,36,382452,Patrick Dorgu,90.0,M,,,,,,2.0,2.0,0,0,14.0,6.0,,1.0,False,False,,
1378985,33,36,20589,Bryan Mbeumo,90.0,F,,,,,,,1.0,0,0,4.0,1.0,,,False,False,,
1378985,33,36,19220,Mason Mount,69.0,F,,,,,,2.0,2.0,0,0,8.0,5.0,2.0,,False,False,,
1378985,33,36,1165,Matheus Cunha,90.0,F,,,,3.0,1.0,1.0,2.0,0,0,10.0,3.0,1.0,2.0,False,False,,
1378985,33,36,886,Diogo Dalot,39.0,D,,,,1.0,,,,0,0,1.0,1.0,1.0,,True,False,,
1378985,33,36,115589,Benjamin Šeško,38.0,F,,,,,,,,0,0,4.0,2.0,,,True,False,,
1378985,33,36,51494,Manuel Ugarte,22.0,M,,,,,,1.0,,0,0,5.0,4.0,3.0,,True,False,,
1378985,33,36,402329,Ayden Heaven,9.0,D,,,,,,,,0,0,2.0,1.0,,,True,False,,
1378985,33,36,2935,Harry Maguire,9.0,D,,,,1.0,,,,0,0,2.0,2.0,,,True,False,,
1378985,33,36,526,André Onana,,G,,,,,,,,0,0,,,,,True,False,,
1378985,33,36,328101,Tyler Fredricson,,D,,,,,,,,0,0,,,,,True,False,,
1378985,33,36,284322,Kobbie Mainoo,,M,,,,,,,,0,0,,,,,True,False,,
1378985,33,36,70100,Joshua Zirkzee,,F,,,,,,,,0,0,,,,,True,False,,
1378987,34,40,18911,Nick Pope,90.0,G,,,,,,,,0,0,,,,,False,False,,
1378987,34,40,169,Kieran Trippier,76.0,D,,,,,,4.0,2.0,0,0,10.0,3.0,,,False,False,,
1378987,34,40,2806,Fabian Schär,81.0,D,,,,,,,1.0,0,0,8.0,6.0,3.0,,False,False,,
1378987,34,40,18961,Dan Burn,90.0,D,,,,1.0,,2.0,1.0,1,0,13.0,7.0,1.0,,False,False,,
1378987,34,40,158694,Valentino Livramento,90.0,D,,,,,,,3.0,0,0,9.0,6.0,,5.0,False,False,,
1378987,34,40,10135,Bruno Guimarães,90.0,M,,,,1.0,1.0,4.0,3.0,1,0,20.0,7.0,3.0,6.0,False,False,,
1378987,34,40,31146,Sandro Tonali,66.0,M,,,,1.0,,1.0,1.0,0,0,3.0,1.0,,,False,False,,
1378987,34,40,723,Joelinton,76.0,M,,,,,,1.0,1.0,0,0,9.0,6.0,2.0,,False,False,,
1378987,34,40,153430,Anthony Elanga,90.0,F,,,,,,,,0,0,6.0,,,1.0,False,False,,
1378987,34,40,138787,Anthony Gordon,48.0,F,,,,3.0,1.0,2.0,3.0,0,1,11.0,9.0,,3.0,False,False,,
1378987,34,40,18778,Harvey Barnes,76.0,F,,,,,,,,0,0,2.0,1.0,,1.0,False,False,,
1378987,34,40,328105,Lewis Miley,24.0,M,,,,,,,,0,0,2.0,1.0,1.0,,True,False,,
1378987,34,40,284492,Lewis Hall,14.0,D,,,,,,,,0,0,1.0,1.0,1.0,,True,False,,
1378987,34,40,19192,Jacob Ramsey,14.0,M,,,,,,,,0,0,2.0,1.0,1.0,,True,False,,
1378987,34,40,315237,William Osula,14.0,F,,,,1.0,1.0,3.0,,0,0,5.0,1.0,,1.0,True,False,,
1378987,34,40,163189,Malick Thiaw,9.0,D,,,,,,,,0,0,1.0,1.0,,,True,False,,
1378987,34,40,20355,Aaron Ramsdale,,G,,,,,,,,0,0,,,,,True,False,,
1378987,34,40,38734,Sven Botman,,D,,,,,,,,0,0,,,,,True,False,,
1378987,34,40,1463,Joe Willock,,M,,,,,,,,0,0,,,,,True,False,,
1378987,34,40,19163,Jacob Murphy,,M,,,,,,,,0,0,,,,,True,False,,
1378987,40,34,280,Alisson,90.0,G,,,,,,,1.0,0,0,1.0,1.0,,,False,False,,
1378987,40,34,1096,Dominik Szoboszlai,90.0,D,,,,,,2.0,,0,0,4.0,1.0,1.0,,False,False,,
1378987,40,34,1145,Ibrahima Konaté,90.0,D,,,,,,1.0,1.0,1,0,6.0,4.0,1.0,,False,False,,
1378987,40,34,290,Virgil van Dijk,90.0,D,,,,,,,1.0,0,0,11.0,6.0,,,False,False,,
1378987,40,34,206254,Miloš Kerkez,90.0,D,,,,,,,1.0,0,0,12.0,9.0,2.0,,False,False,,
1378987,40,34,542,Ryan Gravenberch,90.0,M,,,,1.0,1.0,2.0,1.0,1,0,10.0,3.0,1.0,,False,False,,
1378987,40,34,293,Curtis Jones,89.0,M,,,,,,,1.0,0,0,7.0,7.0,4.0,2.0,False,False,,
1378987,40,34,306,Mohamed Salah,89.0,M,,,,,,1.0,1.0,0,0,2.0,1.0,,,False,False,,
1378987,40,34,203224,Florian Wirtz,80.0,M,,,,1.0,1.0,2.0,2.0,0,0,10.0,3.0,1.0,,False,False,,
1378987,40,34,247,Cody Gakpo,89.0,M,,,,,,3.0,4.0,0,0,15.0,9.0,3.0,1.0,False,False,,
1378987,40,34,174565,Hugo Ekitiké,80.0,F,,,,1.0,1.0,2.0,1.0,0,0,10.0,3.0,,2.0,False,False,,
1378987,40,34,180317,Conor Bradley,10.0,D,,,,,,1.0,1.0,1,0,7.0,2.0,,1.0,True,False,,
1378987,40,34,30410,Federico Chiesa,10.0,F,,,,,,1.0,1.0,0,0,5.0,1.0,,,True,False,,
1378987,40,34,8500,Wataru Endo,1.0,M,,,,,,,,0,0,,,,,True,False,,
1378987,40,34,19035,Harvey Elliott,8.0,M,,,,,,,,0,0,1.0,,,1.0,True,False,,
1378987,40,34,452685,Rio Ngumoha,8.0,F,,,,1.0,1.0,,,0,0,1.0,1.0,,1.0,True,False,,
1378987,40,34,24760,Giorgi Mamardashvili,,G,,,,,,,,0,0,,,,,True,False,,
1378987,40,34,284,Joe Gomez,,D,,,,,,,,0,0,,,,,True,False,,
1378987,40,34,409047,Giovanni Leoni,,D,,,,,,,,0,0,,,,,True,False,,
1378987,40,34,289,Andrew Robertson,,D,,,,,,,,0,0,,,,,True,False,,
1378991,49,36,18959,Robert Sánchez,90.0,G,,,,,,,,0,0,,,,,False,False,,
1378991,49,36,161907,Malo Gusto,90.0,D,,,,,,1.0,2.0,0,0,6.0,4.0,2.0,1.0,False,False,,
1378991,49,36,19720,Trevoh Chalobah,90.0,D,,,,1.0,,,3.0,0,0,15.0,12.0,5.0,1.0,False,False,,
1378991,49,36,19145,Tosin Adarabioyo,90.0,D,,,,,,2.0,,0,0,17.0,11.0,2.0,,False,False,,
1378991,49,36,47380,Marc Cucurella,90.0,D,,,,,,3.0,2.0,0,0,10.0,6.0,3.0,,False,False,,
1378991,49,36,116117,Moisés Caicedo,90.0,M,,,,,,1.0,2.0,1,0,9.0,6.0,4.0,,False,False,,
1378991,49,36,5996,Enzo Fernández,90.0,M,,,,1.0,1.0,,2.0,0,0,9.0,3.0,,,False,False,,
1378991,49,36,425733,Estêvão Willian,68.0,M,,,,1.0,1.0,1.0,,0,0,14.0,4.0,,7.0,False,False,,
1378991,49,36,10329,João Pedro,90.0,M,,,,2.0,2.0,,4.0,0,0,17.0,7.0,1.0,4.0,False,False,,
1378991,49,36,1864,Pedro Neto,81.0,M,,,,,,,,0,0,7.0,3.0,,4.0,False,False,,
1378991,49,36,161948,Liam Delap,14.0,F,,,,,,1.0,,0,0,2.0,,,,False,False,,
1378991,49,36,334037,Tyrique George,67.0,F,,,,1.0,1.0,,1.0,0,0,5.0,2.0,,2.0,True,False,,
1378991,49,36,286894,Jamie Gittens,22.0,F,,,,,,1.0,,0,0,2.0,1.0,1.0,,True,False,,
1378991,49,36,19545,Reece James,9.0,D,,,,1.0,1.0,,,0,0,1.0,,,,True,False,,
1378991,49,36,305834,Andrey Santos,9.0,M,,,,,,1.0,,1,0,2.0,1.0,1.0,,True,False,,
1378991,49,36,286616,Filip Jørgensen,,G,,,,,,,,0,0,,,,,True,False,,
1378991,49,36,366735,Josh Acheampong,,D,,,,,,,,0,0,,,,,True,False,,
1378991,49,36,22094,Wesley Fofana,,D,,,,,,,,0,0,,,,,True,False,,
1378991,49,36,341642,Jorrel Hato,,D,,,,,,,,0,0,,,,,True,False,,
1378991,49,36,308678,Dário Essugo,,M,,,,,,,,0,0,,,,,True,False,,
1378991,36,49,1438,Bernd Leno,90.0,G,,,,,,,,0,0,1.0,1.0,1.0,,False,False,,
1378991,36,49,657,Kenny Tete,90.0,D,,,,1.0,,,2.0,0,0,8.0,7.0,4.0,,False,False,,
1378991,36,49,2729,Joachim Andersen,90.0,D,,,,2.0,1.0,2.0,,0,0,7.0,4.0,3.0,,False,False,,
1378991,36,49,152967,Calvin Bassey,90.0,D,,,,,,,1.0,0,0,12.0,7.0,2.0,2.0,False,False,,
1378991,36,49,19032,Ryan Sessegnon,67.0,D,,,,,,2.0,,0,0,8.0,4.0,4.0,2.0,False,False,,
1378991,36,49,2823,Saša Lukić,90.0,M,,,,,,5.0,,1,0,14.0,6.0,5.0,,False,False,,
1378991,36,49,1934,Sander Berge,90.0,M,,,,1.0,1.0,2.0,,0,0,9.0,3.0,2.0,1.0,False,False,,
1378991,36,49,2920,Timothy Castagne,60.0,M,,,,,,,,0,0,5.0,3.0,3.0,1.0,False,False,,
1378991,36,49,389315,Joshua King,67.0,M,,,,1.0,1.0,,2.0,0,0,4.0,2.0,,2.0,False,False,,
1378991,36,49,1455,Alex Iwobi,84.0,M,,,,1.0,,2.0,1.0,1,0,10.0,4.0,3.0,1.0,False,False,,
1378991,36,49,195106,Rodrigo Muniz,59.0,F,,,,1.0,,2.0,2.0,0,0,20.0,8.0,,1.0,False,False,,
1378991,36,49,2887,Raúl Jiménez,31.0,F,,,,2.0,,2.0,,0,0,8.0,2.0,1.0,2.0,True,False,,
1378991,36,49,19221,Harry Wilson,30.0,M,,,,,,,2.0,0,0,6.0,3.0,1.0,,True,False,,
1378991,36,49,19549,Antonee Robinson,23.0,D,,,,,,,,0,0,,,,,True,False,,
1378991,36,49,1161,Emile Smith Rowe,23.0,M,,,,,,,1.0,0,0,4.0,2.0,,3.0,True,False,,
1378991,36,49,18753,Adama Traoré,15.0,F,,,,,,,,0,0,,,,,True,False,,
1378991,36,49,21566,Benjamin Lecomte,,G,,,,,,,,0,0,,,,,True,False,,
1378991,36,49,131,Jorge Cuenca,,D,,,,,,,,0,0,,,,,True,False,,
1378991,36,49,19480,Harrison Reed,,M,,,,,,,,0,0,,,,,True,False,,
1378991,36,49,19025,Tom Cairney,,M,,,,,,,,0,0,,,,,True,False,,
1378994,33,44,50132,Altay Bayındır,90.0,G,,,,,,,,0,0,,,,,False,False,,
1378994,33,44,342970,Leny Yoro,85.0,D,,,,1.0,,,,0,0,6.0,4.0,2.0,,False,False,,
1378994,33,44,532,Matthijs de Ligt,90.0,D,,,,,,,,0,0,10.0,5.0,,1.0,False,False,,
1378994,33,44,891,Luke Shaw,90.0,D,,,,,,1.0,,0,0,11.0,6.0,3.0,1.0,False,False,,
1378994,33,44,157997,Amad Diallo,90.0,M,,,,2.0,1.0,,2.0,0,0,7.0,4.0,1.0,2.0,False,False,,
1378994,33,44,747,Casemiro,72.0,M,,,,1.0,,,1.0,0,0,10.0,4.0,1.0,1.0,False,False,,
1378994,33,44,1485,Bruno Fernandes,90.0,M,,,,2.0,1.0,3.0,2.0,1,0,16.0,7.0,3.0,,False,False,,
1378994,33,44,886,Diogo Dalot,90.0,M,,,,,,1.0,1.0,0,0,13.0,8.0,2.0,5.0,False,False,,
1378994,33,44,20589,Bryan Mbeumo,90.0,F,,,,3.0,2.0,1.0,2.0,0,0,7.0,2.0,,,False,False,,
1378994,33,44,19220,Mason Mount,45.0,F,,,,1.0,,1.0,,0,0,6.0,4.0,2.0,1.0,False,False,,
1378994,33,44,1165,Matheus Cunha,31.0,F,,,,1.0,1.0,,,0,0,,,,,False,False,,
1378994,33,44,70100,Joshua Zirkzee,59.0,F,,,,5.0,1.0,,,0,0,6.0,2.0,,,True,False,,
1378994,33,44,284322,Kobbie Mainoo,45.0,M,,,,1.0,,,,0,0,5.0,1.0,1.0,,True,False,,
1378994,33,44,115589,Benjamin Šeško,18.0,F,,,,2.0,,2.0,,0,0,4.0,1.0,,,True,False,,
1378994,33,44,545,Noussair Mazraoui,17.0,D,,,,,,,,0,0,1.0,1.0,1.0,,True,False,,
1378994,33,44,526,André Onana,,G,,,,,,,,0,0,,,,,True,False,,
1378994,33,44,402329,Ayden Heaven,,D,,,,,,,,0,0,,,,,True,False,,
1378994,33,44,2935,Harry Maguire,,D,,,,,,,,0,0,,,,,True,False,,
1378994,33,44,382452,Patrick Dorgu,,D,,,,,,,,0,0,,,,,True,False,,
1378994,33,44,51494,Manuel Ugarte,,M,,,,,,,,0,0,,,,,True,False,,
1378994,44,33,18886,Martin Dúbravka,90.0,G,,,,,,,,0,0,1.0,1.0,,,False,False,,
1378994,44,33,627,Kyle Walker,90.0,D,,,,,,1.0,,1,0,9.0,4.0,3.0,,False,False,,
1378994,44,33,47903,Hjalmar Ekdal,83.0,D,,,,,,,,0,0,7.0,5.0,2.0,,False,False,,
1378994,44,33,179400,Maxime Estève,90.0,D,,,,,,1.0,1.0,0,0,8.0,3.0,1.0,,False,False,,
1378994,44,33,375915,Quilindschy Hartman,90.0,D,,,,,,,,0,0,5.0,3.0,2.0,,False,False,,
1378994,44,33,19827,Josh Cullen,90.0,M,,,,,,1.0,1.0,0,0,9.0,6.0,2.0,,False,False,,
1378994,44,33,270508,Lesley Ugochukwu,76.0,M,,,,,,4.0,2.0,0,0,15.0,9.0,4.0,3.0,False,False,,
1378994,44,33,22,Jacob Bruun Larsen,82.0,M,,,,,,,,0,0,8.0,2.0,1.0,1.0,False,False,,
1378994,44,33,180560,Hannibal Mejbri,65.0,M,,,,1.0,,1.0,3.0,0,0,10.0,5.0,2.0,,False,False,,
1378994,44,33,196855,Jaidon Anthony,90.0,M,,,,1.0,1.0,1.0,1.0,1,0,6.0,2.0,,1.0,False,False,,
1378994,44,33,98936,Lyle Foster,90.0,F,,,,1.0,1.0,,,1,0,12.0,5.0,1.0,,False,False,,
1378994,44,33,161621,Loum Tchaouna,25.0,F,,,,1.0,1.0,,,1,0,6.0,3.0,1.0,,True,False,,
1378994,44,33,20303,Josh Laurent,14.0,M,,,,,,,,1,0,1.0,1.0,,,True,False,,
1378994,44,33,128895,Oliver Sonne,8.0,D,,,,,,,,0,0,3.0,2.0,1.0,,True,False,,
1378994,44,33,1746,Joe Worrall,19.0,D,,,,,,,1.0,0,0,2.0,2.0,,,True,False,,
1378994,44,33,328273,Max Weiss,,G,,,,,,,,0,0,,,,,True,False,,
1378994,44,33,330238,Lucas Pires,,D,,,,,,,,0,0,,,,,True,False,,
1378994,44,33,37882,Marcus Edwards,,F,,,,,,,,0,0,,,,,True,False,,
1378994,44,33,278079,Aaron Ramsey,,M,,,,,,,,0,0,,,,,True,False,,
1378994,44,33,36927,Zian Flemming,,M,,,,,,,,0,0,,,,,True,False,,
1378998,39,45,1590,José Sá,90.0,G,,,,,,,,0,0,1.0,1.0,,,False,False,,
1378998,39,45,135334,Santiago Bueno,90.0,D,,,,,,3.0,,0,0,11.0,4.0,2.0,,False,False,,
1378998,39,45,135068,Emmanuel Agbadou,90.0,D,,,,1.0,,,1.0,0,0,4.0,2.0,,,False,False,,
1378998,39,45,41606,Toti Gomes,90.0,D,,,,,,1.0,,0,0,13.0,7.0,5.0,,False,False,,
1378998,39,45,296560,Jackson Tchatchoua,63.0,M,,,,,,,,0,0,4.0,1.0,1.0,1.0,False,False,,
1378998,39,45,195103,João Gomes,90.0,M,,,,1.0,,,3.0,0,0,8.0,4.0,,1.0,False,False,,
1378998,39,45,265784,André,64.0,M,,,,,,2.0,3.0,0,0,10.0,4.0,1.0,,False,False,,
1378998,39,45,280687,Hugo Bueno,75.0,M,,,,,,1.0,,0,0,14.0,7.0,5.0,4.0,False,False,,
1378998,39,45,3080,Marshall Munetsi,90.0,F,,,,,,3.0,1.0,0,0,15.0,5.0,2.0,,False,False,,
1378998,39,45,24888,Hee-Chan Hwang,76.0,F,,,,1.0,1.0,,1.0,0,0,3.0,1.0,,,False,False,,
1378998,39,45,13708,Jhon Arias,64.0,F,,,,1.0,1.0,,,0,0,11.0,7.0,6.0,2.0,False,False,,
1378998,39,45,282770,Rodrigo Gomes,27.0,D,,,,2.0,1.0,2.0,,0,0,5.0,2.0,1.0,1.0,True,False,,
1378998,39,45,20665,Jean-Ricner Bellegarde,26.0,M,,,,1.0,1.0,1.0,,0,0,2.0,,,,True,False,,
1378998,39,45,391822,Fer López,26.0,F,,,,,,2.0,,0,0,3.0,,,1.0,True,False,,
1378998,39,45,265782,David Möller Wolfe,15.0,D,,,,,,,,0,0,1.0,,,,True,False,,
1378998,39,45,7722,Saša Kalajdžić,14.0,F,,,,,,,,0,0,5.0,2.0,,1.0,True,False,,
1378998,39,45,19143,Sam Johnstone,,G,,,,,,,,0,0,,,,,True,False,,
1378998,39,45,18742,Matt Doherty,,D,,,,,,,,0,0,,,,,True,False,,
1378998,39,45,195717,Yerson Mosquera,,D,,,,,,,,0,0,,,,,True,False,,
1378998,39,45,66407,Ladislav Krejčí,,D,,,,,,,,0,0,,,,,True,False,,
1378998,45,39,2932,Jordan Pickford,90.0,G,,,,,,,,0,0,,,,,False,False,,
1378998,45,39,270139,Jake O'Brien,90.0,D,,,,1.0,,,1.0,0,0,15.0,6.0,1.0,4.0,False,False,,
1378998,45,39,2936,James Tarkowski,90.0,D,,,,,,1.0,,0,0,6.0,4.0,1.0,,False,False,,
1378998,45,39,2934,Michael Keane,90.0,D,,,,,,,,0,0,6.0,4.0,1.0,,False,False,,
1378998,45,39,2165,Vitaliy Mykolenko,90.0,D,,,,,,1.0,2.0,0,0,8.0,5.0,1.0,1.0,False,False,,
1378998,45,39,895,James Garner,90.0,M,,,,,,2.0,,0,0,8.0,5.0,3.0,1.0,False,False,,
1378998,45,39,2990,Idrissa Gueye,76.0,M,,,,1.0,,,,0,0,5.0,3.0,3.0,,False,False,,
1378998,45,39,18592,Iliman Ndiaye,89.0,M,,,,1.0,1.0,1.0,1.0,0,0,17.0,5.0,3.0,4.0,False,False,,
1378998,45,39,148099,Kiernan Dewsbury-Hall,90.0,M,,,,1.0,1.0,3.0,2.0,1,0,8.0,5.0,1.0,1.0,False,False,,
1378998,45,39,19187,Jack Grealish,88.0,M,,,,1.0,1.0,,7.0,0,0,17.0,13.0,1.0,8.0,False,False,,
1378998,45,39,125743,Beto,76.0,F,,,,1.0,1.0,2.0,2.0,0,0,13.0,8.0,,,False,False,,
1378998,45,39,284500,Tim Iroegbunam,14.0,M,,,,,,,,0,0,2.0,2.0,,,True,False,,
1378998,45,39,343684,Thierno Barry,14.0,F,,,,,,,,0,0,4.0,2.0,,1.0,True,False,,
1378998,45,39,195993,Carlos Alcaraz,9.0,M,,,,,,,,0,0,1.0,1.0,1.0,,True,False,,
1378998,45,39,18758,Séamus Coleman,1.0,D,,,,,,,,0,0,,,,,True,False,,
1378998,45,39,18860,Mark Travers,,G,,,,,,,,0,0,,,,,True,False,,
1378998,45,39,18929,Dwight McNeil,,F,,,,,,,,0,0,,,,,True,False,,
1378998,45,39,304317,Tyler Dibling,,M,,,,,,,,0,0,,,,,True,False,,
1378998,45,39,405360,Harrison Armstrong,,M,,,,,,,,0,0,,,,,True,False,,
1378998,45,39,167657,Tyler Onyango,,M,,,,,,,,0,0,,,,,True,False,,
1378997,47,35,31354,Guglielmo Vicario,90.0,G,,,,,,,,0,0,,,,,False,False,,
1378997,47,35,47519,Pedro Porro,71.0,D,,,,,,1.0,1.0,0,0,5.0,3.0,2.0,,False,False,,
1378997,47,35,30776,Cristian Romero,90.0,D,,,,,,,,0,0,6.0,5.0,2.0,1.0,False,False,,
1378997,47,35,152849,Micky van de Ven,90.0,D,,,,,,1.0,1.0,1,0,6.0,3.0,,1.0,False,False,,
1378997,47,35,19235,Djed Spence,90.0,D,,,,,,2.0,,1,0,11.0,2.0,,4.0,False,False,,
1378997,47,35,863,Rodrigo Bentancur,90.0,M,,,,,,,,0,0,4.0,2.0,1.0,1.0,False,False,,
1378997,47,35,41104,João Palhinha,54.0,M,,,,,,1.0,,0,0,6.0,2.0,2.0,2.0,False,False,,
1378997,47,35,237129,Pape Matar Sarr,76.0,M,,,,,,6.0,3.0,0,0,14.0,5.0,,,False,False,,
1378997,47,35,15911,Mohammed Kudus,90.0,F,,,,,,2.0,3.0,0,0,32.0,14.0,4.0,12.0,False,False,,
1378997,47,35,2413,Richarlison,90.0,F,,,,,,1.0,1.0,0,0,13.0,5.0,,,False,False,,
1378997,47,35,129711,Brennan Johnson,54.0,F,,,,,,1.0,2.0,0,0,4.0,2.0,,1.0,False,False,,
1378997,47,35,347316,Lucas Bergvall,36.0,M,,,,1.0,1.0,2.0,,0,0,8.0,3.0,1.0,1.0,True,False,,
1378997,47,35,336564,Wilson Odobert,36.0,F,,,,1.0,,,,0,0,5.0,2.0,,3.0,True,False,,
1378997,47,35,204039,Destiny Udogie,19.0,D,,,,1.0,,,2.0,0,0,7.0,5.0,1.0,,True,False,,
1378997,47,35,270510,Mathys Tel,14.0,F,,,,1.0,,,,0,0,4.0,3.0,3.0,1.0,True,False,,
1378997,47,35,265826,Antonín Kinský,,G,,,,,,,,0,0,,,,,True,False,,
1378997,47,35,25287,Kevin Danso,,D,,,,,,,,0,0,,,,,True,False,,
1378997,47,35,328089,Archie Gray,,M,,,,,,,,0,0,,,,,True,False,,
1378997,47,35,164,Ben Davies,,D,,,,,,,,0,0,,,,,True,False,,
1378997,47,35,697,Manor Solomon,,F,,,,,,,,0,0,,,,,True,False,,
1378997,35,47,118307,Đorđe Petrović,90.0,G,,,,,,,,1,0,1.0,1.0,,,False,False,,
1378997,35,47,18869,Adam Smith,26.0,D,,,,,,1.0,,0,0,1.0,,,,False,False,,
1378997,35,47,22136,Bafodé Diakité,90.0,D,,,,,,1.0,,0,0,7.0,3.0,,,False,False,,
1378997,35,47,6610,Marcos Senesi,90.0,D,,,,1.0,,,3.0,0,0,7.0,6.0,2.0,,False,False,,
1378997,35,47,162267,Adrien Truffert,90.0,D,,,,1.0,,3.0,2.0,0,0,22.0,12.0,5.0,4.0,False,False,,
1378997,35,47,1150,Tyler Adams,90.0,M,,,,1.0,1.0,2.0,1.0,1,0,9.0,5.0,2.0,1.0,False,False,,
1378997,35,47,304853,Alex Scott,63.0,M,,,,,,1.0,3.0,0,0,8.0,6.0,2.0,,False,False,,
1378997,35,47,18870,David Brooks,64.0,M,,,,3.0,2.0,,1.0,0,0,8.0,5.0,4.0,,False,False,,
1378997,35,47,19245,Marcus Tavernier,81.0,M,,,,2.0,,,2.0,0,0,10.0,5.0,3.0,2.0,False,False,,
1378997,35,47,19281,Antoine Semenyo,90.0,M,,,,2.0,1.0,2.0,1.0,1,0,15.0,9.0,2.0,5.0,False,False,,
1378997,35,47,152856,Evanilson,81.0,F,,,,5.0,2.0,,1.0,0,0,9.0,3.0,,1.0,False,False,,
1378997,35,47,20093,James Hill,64.0,D,,,,,,2.0,1.0,1,0,10.0,4.0,,,True,False,,
1378997,35,47,1125,Ryan Christie,27.0,M,,,,,,,1.0,0,0,7.0,5.0,4.0,,True,False,,
1378997,35,47,129682,Amine Adli,26.0,F,,,,,,1.0,1.0,0,0,7.0,5.0,4.0,1.0,True,False,,
1378997,35,47,792,Justin Kluivert,9.0,F,,,,,,,,0,0,3.0,,,2.0,True,False,,
1378997,35,47,368030,Eli Junior Kroupi,9.0,F,,,,,,,,0,0,1.0,,,,True,False,,
1378997,35,47,151756,Will Dennis,,G,,,,,,,,0,0,,,,,True,False,,
1378997,35,47,363333,Julio Soler,,D,,,,,,,,0,0,,,,,True,False,,
1378997,35,47,84082,Romain Faivre,,M,,,,,,,,0,0,,,,,True,False,,
1378997,35,47,343576,Ben Doak,,F,,,,,,,,0,0,,,,,True,False,,
1378996,746,55,194536,Robin Roefs,90.0,G,,,,,,,,0,0,,,,,False,False,,
1378996,746,55,119121,Trai Hume,90.0,D,,,,,,,,0,0,11.0,7.0,4.0,,False,False,,
1378996,746,55,1146,Nordi Mukiele,90.0,D,,,,1.0,,,2.0,0,0,16.0,12.0,5.0,,False,False,,
1378996,746,55,6168,Omar Alderete,90.0,D,,,,,,1.0,,0,0,9.0,5.0,2.0,1.0,False,False,,
1378996,746,55,22225,Reinildo Mandava,90.0,D,,,,,,1.0,4.0,1,0,14.0,10.0,3.0,1.0,False,False,,
1378996,746,55,327631,Habib Diarra,87.0,M,,,,3.0,,,1.0,1,0,4.0,3.0,,1.0,False,False,,
1378996,746,55,1464,Granit Xhaka,90.0,M,,,,,,1.0,2.0,1,0,16.0,10.0,1.0,,False,False,,
1378996,746,55,365331,Noah Sadiki,90.0,M,,,,,,2.0,,0,0,5.0,2.0,2.0,,False,False,,
1378996,746,55,336659,Chemsdine Talbi,65.0,F,,,,1.0,,,,0,0,5.0,2.0,2.0,,False,False,,
1378996,746,55,349799,Eliezer Mayenda,65.0,F,,,,,,2.0,,0,0,6.0,1.0,,,False,False,,
1378996,746,55,20638,Enzo Le Fée,90.0,F,,,,1.0,1.0,3.0,1.0,0,0,16.0,8.0,6.0,1.0,False,False,,
1378996,746,55,301771,Simon Adingra,25.0,F,,,,,,1.0,,0,0,5.0,2.0,1.0,2.0,True,False,,
1378996,746,55,84087,Wilson Isidor,25.0,F,,,,3.0,2.0,,,0,0,5.0,3.0,2.0,1.0,True,False,,
1378996,746,55,392270,Marc Guiu,13.0,F,,,,,,,,0,0,2.0,,,,True,False,,
1378996,746,55,19881,Anthony Patterson,,G,,,,,,,,0,0,,,,,True,False,,
1378996,746,55,290545,Jenson Seelt,,D,,,,,,,,0,0,,,,,True,False,,
1378996,746,55,18816,Arthur Masuaku,,D,,,,,,,,0,0,,,,,True,False,,
1378996,746,55,19910,Dan Neil,,M,,,,,,,,0,0,,,,,True,False,,
1378996,746,55,47521,Patrick Roberts,,M,,,,,,,,0,0,,,,,True,False,,
1378996,746,55,339201,Chris Rigg,,M,,,,,,,,0,0,,,,,True,False,,
1378996,55,746,281,Caoimhin Kelleher,90.0,G,,,,,,,,0,0,1.0,,,,False,False,,
1378996,55,746,342022,Michael Kayode,90.0,D,,,,,,1.0,1.0,0,0,10.0,5.0,1.0,3.0,False,False,,
1378996,55,746,19495,Nathan Collins,90.0,D,,,,,,1.0,2.0,0,0,10.0,6.0,1.0,,False,False,,
1378996,55,746,36922,Sepp van den Berg,90.0,D,,,,,,,1.0,0,0,7.0,5.0,,,False,False,,
1378996,55,746,106725,Keane Lewis-Potter,72.0,D,,,,,,,,0,0,7.0,3.0,2.0,,False,False,,
1378996,55,746,292,Jordan Henderson,71.0,M,,,,,,1.0,,0,0,2.0,,,,False,False,,
1378996,55,746,263538,Yehor Yarmolyuk,90.0,M,,,,1.0,1.0,1.0,,0,0,9.0,3.0,2.0,4.0,False,False,,
1378996,55,746,284797,Dango Ouattara,90.0,M,,,,1.0,1.0,1.0,2.0,0,0,11.0,3.0,,4.0,False,False,,
1378996,55,746,15908,Mikkel Damsgaard,90.0,M,,,,,,2.0,2.0,0,0,12.0,3.0,,4.0,False,False,,
1378996,55,746,178077,Kevin Schade,89.0,M,,,,3.0,1.0,,,0,0,13.0,5.0,1.0,3.0,False,False,,
1378996,55,746,196156,Igor Thiago,90.0,F,,,,1.0,1.0,4.0,,1,0,24.0,10.0,,2.0,False,False,,
1378996,55,746,15799,Frank Onyeka,19.0,M,,,,,,,1.0,0,0,4.0,3.0,1.0,1.0,True,False,,
1378996,55,746,19346,Rico Henry,18.0,D,,,,,,1.0,1.0,1,0,4.0,3.0,1.0,1.0,True,False,,
1378996,55,746,153066,Fabio Carvalho,10.0,M,,,,,,,,0,0,,,,,True,False,,
1378996,55,746,61742,Hákon Rafn Valdimarsson,,G,,,,,,,,0,0,,,,,True,False,,
1378996,55,746,44871,Aaron Hickey,,D,,,,,,,,0,0,,,,,True,False,,
1378996,55,746,19789,Ethan Pinnock,,D,,,,,,,,0,0,,,,,True,False,,
1378996,55,746,1119,Kristoffer Ajer,,D,,,,,,,,0,0,,,,,True,False,,
1378996,55,746,47438,Mathias Jensen,,M,,,,,,,,0,0,,,,,True,False,,
1378996,55,746,319517,Antoni Milambo,,M,,,,,,,,0,0,,,,,True,False,,
1378992,63,34,80296,Lucas Perri,90.0,G,,,,,,,,0,0,,,,,False,False,,
1378992,63,34,19201,Jayden Bogle,90.0,D,,,,1.0,,3.0,1.0,0,0,13.0,5.0,2.0,5.0,False,False,,
1378992,63,34,19321,Joe Rodon,90.0,D,,,,,,,3.0,0,0,6.0,4.0,1.0,,False,False,,
1378992,63,34,64003,Pascal Struijk,90.0,D,,,,,,1.0,1.0,0,0,5.0,2.0,,,False,False,,
1378992,63,34,47969,Gabriel Gudmundsson,80.0,D,,,,,,,1.0,0,0,3.0,3.0,2.0,,False,False,,
1378992,63,34,18901,Sean Longstaff,90.0,M,,,,,,1.0,2.0,0,0,12.0,8.0,5.0,1.0,False,False,,
1378992,63,34,129142,Ilia Gruev,90.0,M,,,,,,,,0,0,8.0,4.0,3.0,,False,False,,
1378992,63,34,177665,Anton Stach,90.0,M,,,,2.0,,3.0,1.0,0,0,8.0,5.0,2.0,,False,False,,
1378992,63,34,19329,Daniel James,60.0,F,,,,1.0,,,2.0,0,0,3.0,3.0,1.0,,False,False,,
1378992,63,34,19461,Lukas Nmecha,70.0,F,,,,,,1.0,2.0,0,0,9.0,3.0,,,False,False,,
1378992,63,34,162128,Wilfried Gnonto,60.0,F,,,,1.0,,1.0,,1,0,3.0,1.0,,2.0,False,False,,
1378992,63,34,19128,Jack Harrison,30.0,F,,,,,,,2.0,0,0,5.0,5.0,1.0,2.0,True,False,,
1378992,63,34,50739,Brenden Aaronson,30.0,M,,,,,,,,0,0,3.0,3.0,1.0,2.0,True,False,,
1378992,63,34,18766,Dominic Calvert-Lewin,20.0,F,,,,2.0,1.0,,,0,0,5.0,1.0,,,True,False,,
1378992,63,34,19760,James Justin,10.0,D,,,,,,,,0,0,1.0,,,,True,False,,
1378992,63,34,18885,Karl Darlow,,G,,,,,,,,0,0,,,,,True,False,,
1378992,63,34,833,Jaka Bijol,,D,,,,,,,,0,0,,,,,True,False,,
1378992,63,34,1408,Sebastiaan Bornauw,,D,,,,,,,,0,0,,,,,True,False,,
1378992,63,34,250,Joël Piroe,,F,,,,,,,,0,0,,,,,True,False,,
1378992,63,34,48389,Noah Okafor,,F,,,,,,,,0,0,,,,,True,False,,
1378992,34,63,18911,Nick Pope,90.0,G,,,,,,,,1,0,2.0,2.0,,,False,False,,
1378992,34,63,169,Kieran Trippier,61.0,D,,,,,,1.0,,0,0,3.0,1.0,1.0,,False,False,,
1378992,34,63,2806,Fabian Schär,90.0,D,,,,1.0,,2.0,,0,0,5.0,2.0,,,False,False,,
1378992,34,63,38734,Sven Botman,68.0,D,,,,,,1.0,,0,0,6.0,4.0,2.0,,False,False,,
1378992,34,63,18961,Dan Burn,90.0,D,,,,,,1.0,2.0,0,0,7.0,4.0,,,False,False,,
1378992,34,63,158694,Valentino Livramento,90.0,D,,,,,,1.0,1.0,0,0,9.0,2.0,,2.0,False,False,,
1378992,34,63,10135,Bruno Guimarães,90.0,M,,,,,,3.0,3.0,0,0,15.0,6.0,3.0,,False,False,,
1378992,34,63,31146,Sandro Tonali,90.0,M,,,,,,,2.0,0,0,3.0,2.0,,1.0,False,False,,
1378992,34,63,19192,Jacob Ramsey,45.0,M,,,,,,,,0,0,1.0,1.0,,1.0,False,False,,
1378992,34,63,19163,Jacob Murphy,62.0,F,,,,3.0,2.0,,,0,0,6.0,2.0,,5.0,False,False,,
1378992,34,63,315237,William Osula,90.0,F,,,,,,5.0,1.0,0,0,13.0,5.0,1.0,3.0,False,False,,
1378992,34,63,328105,Lewis Miley,45.0,M,,,,,,,,0,0,2.0,1.0,,,True,False,,
1378992,34,63,284492,Lewis Hall,29.0,D,,,,1.0,,1.0,,0,0,4.0,1.0,1.0,,True,False,,
1378992,34,63,153430,Anthony Elanga,28.0,F,,,,,,,,0,0,4.0,2.0,1.0,,True,False,,
1378992,34,63,18778,Harvey Barnes,22.0,M,,,,,,,1.0,0,0,4.0,2.0,1.0,1.0,True,False,,
1378992,34,63,20355,Aaron Ramsdale,,G,,,,,,,,0,0,,,,,True,False,,
1378992,34,63,18894,Jamaal Lascelles,,D,,,,,,,,0,0,,,,,True,False,,
1378992,34,63,163189,Malick Thiaw,,D,,,,,,,,0,0,,,,,True,False,,
1378992,34,63,2855,Emil Krafth,,D,,,,,,,,0,0,,,,,True,False,,
1378992,34,63,1463,Joe Willock,,M,,,,,,,,0,0,,,,,True,False,,
1378990,51,50,129058,Bart Verbruggen,90.0,G,,,,,,,,0,0,,,,,False,False,,
1378990,51,50,537,Joël Veltman,90.0,D,,,,,,1.0,4.0,1,0,9.0,7.0,3.0,,False,False,,
1378990,51,50,38695,Jan Paul van Hecke,90.0,D,,,,1.0,1.0,1.0,,1,0,6.0,1.0,1.0,,False,False,,
1378990,51,50,18963,Lewis Dunk,90.0,D,,,,1.0,,,,0,0,2.0,1.0,,,False,False,,
1378990,51,50,162007,Maxim De Cuyper,90.0,D,,,,,,,3.0,0,0,11.0,6.0,1.0,2.0,False,False,,
1378990,51,50,356041,Carlos Baleba,60.0,M,,,,,,,,0,0,3.0,1.0,,,False,False,,
1378990,51,50,305730,Jack Hinshelwood,61.0,M,,,,,,2.0,1.0,0,0,8.0,5.0,2.0,,False,False,,
1378990,51,50,383685,Yankuba Minteh,89.0,M,,,,2.0,1.0,1.0,2.0,0,0,19.0,11.0,3.0,6.0,False,False,,
1378990,51,50,278370,Diego Gómez,61.0,M,,,,,,2.0,1.0,0,0,11.0,5.0,3.0,,False,False,,
1378990,51,50,106835,Kaoru Mitoma,90.0,M,,,,1.0,1.0,6.0,,0,0,14.0,3.0,2.0,1.0,False,False,,
1378990,51,50,1469,Danny Welbeck,61.0,F,,,,,,1.0,,0,0,1.0,,,,False,False,,
1378990,51,50,296,James Milner,30.0,M,,,,1.0,1.0,,,0,0,5.0,2.0,1.0,,True,False,,
1378990,51,50,328225,Brajan Gruda,29.0,M,,,,2.0,2.0,1.0,,0,0,7.0,2.0,,3.0,True,False,,
1378990,51,50,90590,Georginio Rutter,29.0,F,,,,1.0,1.0,,1.0,0,0,3.0,1.0,,1.0,True,False,,
1378990,51,50,265820,Yasin Ayari,29.0,M,,,,,,1.0,1.0,0,0,6.0,2.0,1.0,1.0,True,False,,
1378990,51,50,342063,Diego Coppola,1.0,D,,,,,,,,0,0,,,,,True,False,,
1378990,51,50,18960,Jason Steele,,G,,,,,,,,0,0,,,,,True,False,,
1378990,51,50,22160,Olivier Boscagli,,D,,,,,,,,0,0,,,,,True,False,,
1378990,51,50,1361,Ferdi Kadıoğlu,,D,,,,,,,,0,0,,,,,True,False,,
1378990,51,50,19030,Matt O'Riley,,M,,,,,,,,0,0,,,,,True,False,,
1378990,50,51,162489,James Trafford,90.0,G,,,,,,,,0,0,2.0,2.0,,1.0,False,False,,
1378990,50,51,41621,Matheus Nunes,85.0,D,,,,,,1.0,,0,0,4.0,4.0,,1.0,False,False,,
1378990,50,51,626,John Stones,90.0,D,,,,,,,,0,0,3.0,2.0,,,False,False,,
1378990,50,51,360114,Abdukodir Khusanov,85.0,D,,,,,,1.0,2.0,1,0,9.0,6.0,4.0,,False,False,,
1378990,50,51,21138,Rayan Aït-Nouri,90.0,D,,,,,,4.0,1.0,1,0,16.0,5.0,3.0,3.0,False,False,,
1378990,50,51,636,Bernardo Silva,72.0,M,,,,,,3.0,1.0,0,0,7.0,2.0,1.0,,False,False,,
1378990,50,51,44,Rodri,90.0,M,,,,1.0,,,2.0,0,0,9.0,6.0,1.0,2.0,False,False,,
1378990,50,51,36902,Tijjani Reijnders,90.0,M,,,,1.0,,,2.0,0,0,9.0,5.0,1.0,3.0,False,False,,
1378990,50,51,278133,Oscar Bobb,90.0,F,,,,1.0,,2.0,3.0,0,0,14.0,7.0,1.0,4.0,False,False,,
1378990,50,51,1100,Erling Haaland,90.0,F,,,,7.0,3.0,1.0,1.0,0,0,6.0,5.0,,,False,False,,
1378990,50,51,81573,Omar Marmoush,72.0,F,,,,1.0,,1.0,2.0,0,0,15.0,8.0,2.0,5.0,False,False,,
1378990,50,51,307123,Nico O'Reilly,18.0,M,,,,,,,,0,0,5.0,4.0,2.0,2.0,True,False,,
1378990,50,51,1422,Jérémy Doku,18.0,F,,,,,,1.0,,0,0,3.0,1.0,,2.0,True,False,,
1378990,50,51,567,Rúben Dias,14.0,D,,,,,,,,0,0,1.0,,,,True,False,,
1378990,50,51,284230,Rico Lewis,14.0,D,,,,,,,1.0,0,0,2.0,1.0,,,True,False,,
1378990,50,51,617,Ederson,,G,,,,,,,,0,0,,,,,True,False,,
1378990,50,51,18861,Nathan Aké,,D,,,,,,,,0,0,,,,,True,False,,
1378990,50,51,5,Manuel Akanji,,D,,,,,,,,0,0,,,,,True,False,,
1378990,50,51,633,İlkay Gündoğan,,M,,,,,,,,0,0,,,,,True,False,,
1378990,50,51,161933,Nico González,,M,,,,,,,,0,0,,,,,True,False,,
1378995,65,48,2919,Matz Sels,90.0,G,,,,,,,,0,0,,,,,False,False,,
1378995,65,48,2771,Ola Aina,90.0,D,,,,,,1.0,,0,0,8.0,3.0,2.0,5.0,False,False,,
1378995,65,48,2817,Nikola Milenković,90.0,D,,,,1.0,,1.0,,0,0,6.0,3.0,,,False,False,,
1378995,65,48,363695,Murillo,90.0,D,,,,,,1.0,,0,0,3.0,1.0,,1.0,False,False,,
1378995,65,48,138780,Neco Williams,90.0,D,,,,,,,1.0,0,0,13.0,8.0,3.0,2.0,False,False,,
1378995,65,48,22149,Ibrahim Sangaré,89.0,M,,,,,,5.0,,0,0,8.0,2.0,2.0,,False,False,,
1378995,65,48,138908,Elliot Anderson,90.0,M,,,,,,,2.0,0,0,23.0,13.0,7.0,1.0,False,False,,
1378995,65,48,48648,Dan Ndoye,58.0,M,,,,,,2.0,1.0,0,0,7.0,4.0,2.0,2.0,False,False,,
1378995,65,48,18746,Morgan Gibbs-White,90.0,M,,,,1.0,1.0,1.0,1.0,0,0,9.0,4.0,1.0,1.0,False,False,,
1378995,65,48,2298,Callum Hudson-Odoi,89.0,M,,,,1.0,1.0,2.0,,0,0,3.0,,,1.0,False,False,,
1378995,65,48,18931,Chris Wood,73.0,F,,,,3.0,1.0,,1.0,0,0,3.0,2.0,,,False,False,,
1378995,65,48,158697,James McAtee,32.0,M,,,,,,,,0,0,3.0,2.0,1.0,2.0,True,False,,
1378995,65,48,9366,Igor Jesus,17.0,F,,,,,,1.0,,0,0,4.0,1.0,1.0,,True,False,,
1378995,65,48,284428,Omari Hutchinson,11.0,F,,,,,,,,0,0,,,,,True,False,,
1378995,65,48,147831,Arnaud Kalimuendo,11.0,F,,,,,,,,0,0,,,,,True,False,,
1378995,65,48,18933,Angus Gunn,,G,,,,,,,,0,0,,,,,True,False,,
1378995,65,48,67943,Morato,,D,,,,,,,,0,0,,,,,True,False,,
1378995,65,48,18739,Willy Boly,,D,,,,,,,,0,0,,,,,True,False,,
1378995,65,48,47522,Douglas Luiz,,M,,,,,,,,0,0,,,,,True,False,,
1378995,65,48,19305,Ryan Yates,,M,,,,,,,,0,0,,,,,True,False,,
1378995,48,65,15870,Mads Hermansen,90.0,G,,,,,,,,0,0,,,,,False,False,,
1378995,48,65,171,Kyle Walker-Peters,90.0,D,,,,,,,2.0,0,0,9.0,5.0,3.0,,False,False,,
1378995,48,65,1445,Konstantinos Mavropanos,90.0,D,,,,1.0,,2.0,,0,0,4.0,1.0,,,False,False,,
1378995,48,65,18744,Max Kilman,90.0,D,,,,,,,,0,0,4.0,4.0,1.0,1.0,False,False,,
1378995,48,65,409303,El Hadji Malick Diouf,90.0,D,,,,,,,1.0,0,0,7.0,2.0,,3.0,False,False,,
1378995,48,65,1243,Tomáš Souček,90.0,M,,,,,,,,0,0,3.0,2.0,2.0,,False,False,,
1378995,48,65,2938,James Ward-Prowse,75.0,M,,,,,,,1.0,0,0,3.0,1.0,,1.0,False,False,,
1378995,48,65,19428,Jarrod Bowen,90.0,M,,,,1.0,1.0,,1.0,0,0,12.0,6.0,2.0,5.0,False,False,,
1378995,48,65,1646,Lucas Paquetá,90.0,M,,,,3.0,2.0,3.0,3.0,0,0,23.0,11.0,2.0,7.0,False,False,,
1378995,48,65,336585,Mateus Fernandes,82.0,M,,,,,,1.0,3.0,0,0,11.0,6.0,3.0,,False,False,,
1378995,48,65,25391,Niclas Füllkrug,64.0,F,,,,3.0,1.0,,,0,0,6.0,3.0,1.0,,False,False,,
1378995,48,65,2939,Callum Wilson,26.0,F,,,,4.0,4.0,,1.0,0,0,4.0,3.0,,2.0,True,False,,
1378995,48,65,68466,Andy Irving,15.0,M,,,,,,,,0,0,3.0,2.0,2.0,,True,False,,
1378995,48,65,37724,Crysencio Summerville,8.0,F,,,,,,,1.0,0,0,1.0,1.0,,,True,False,,
1378995,48,65,253,Alphonse Aréola,,G,,,,,,,,0,0,,,,,True,False,,
1378995,48,65,138,Jean-Clair Todibo,,D,,,,,,,,0,0,,,,,True,False,,
1378995,48,65,18846,Aaron Wan-Bissaka,,D,,,,,,,,0,0,,,,,True,False,,
1378995,48,65,2476,Guido Rodríguez,,M,,,,,,,,0,0,,,,,True,False,,
1378995,48,65,327730,Oliver Scarles,,D,,,,,,,,0,0,,,,,True,False,,
1378995,48,65,284446,Freddie Potts,,M,,,,,,,,0,0,,,,,True,False,,
1378993,40,42,280,Alisson,90.0,G,,,,,,,,0,0,,,,,False,False,,
1378993,40,42,1096,Dominik Szoboszlai,90.0,D,,,,1.0,1.0,,,0,0,4.0,3.0,2.0,,False,False,,
1378993,40,42,1145,Ibrahima Konaté,79.0,D,,,,,,2.0,,0,0,5.0,2.0,1.0,,False,False,,
1378993,40,42,290,Virgil van Dijk,90.0,D,,,,,,,1.0,0,0,3.0,2.0,,1.0,False,False,,
1378993,40,42,206254,Miloš Kerkez,90.0,D,,,,,,,2.0,0,0,9.0,7.0,3.0,,False,False,,
1378993,40,42,542,Ryan Gravenberch,90.0,M,,,,1.0,,1.0,1.0,1,0,5.0,4.0,1.0,2.0,False,False,,
1378993,40,42,6716,Alexis Mac Allister,61.0,M,,,,,,1.0,,0,0,4.0,,,3.0,False,False,,
1378993,40,42,306,Mohamed Salah,90.0,M,,,,,,,1.0,0,0,6.0,2.0,,1.0,False,False,,
1378993,40,42,203224,Florian Wirtz,89.0,M,,,,1.0,1.0,,,0,0,7.0,5.0,2.0,3.0,False,False,,
1378993,40,42,247,Cody Gakpo,90.0,M,,,,2.0,1.0,1.0,3.0,0,0,10.0,7.0,1.0,1.0,False,False,,
1378993,40,42,174565,Hugo Ekitiké,79.0,F,,,,,,1.0,1.0,0,0,8.0,2.0,1.0,2.0,False,False,,
1378993,40,42,293,Curtis Jones,29.0,M,,,,,,,1.0,0,0,1.0,1.0,,,True,False,,
1378993,40,42,284,Joe Gomez,11.0,D,,,,,,,,0,0,3.0,3.0,,,True,False,,
1378993,40,42,30410,Federico Chiesa,11.0,F,,,,,,,,0,0,2.0,,,1.0,True,False,,
1378993,40,42,8500,Wataru Endo,10.0,M,,,,,,1.0,,1,0,3.0,,,,True,False,,
1378993,40,42,24760,Giorgi Mamardashvili,,G,,,,,,,,0,0,,,,,True,False,,
1378993,40,42,180317,Conor Bradley,,D,,,,,,,,0,0,,,,,True,False,,
1378993,40,42,289,Andrew Robertson,,D,,,,,,,,0,0,,,,,True,False,,
1378993,40,42,19035,Harvey Elliott,,M,,,,,,,,0,0,,,,,True,False,,
1378993,40,42,452685,Rio Ngumoha,,F,,,,,,,,0,0,,,,,True,False,,
1378993,42,40,19465,David Raya,90.0,G,,,,,,,,0,0,,,,,False,False,,
1378993,42,40,38746,Jurriën Timber,90.0,D,,,,,,2.0,1.0,0,0,7.0,3.0,2.0,,False,False,,
1378993,42,40,22090,William Saliba,5.0,D,,,,,,,,0,0,,,,,False,False,,
1378993,42,40,22224,Gabriel Magalhães,90.0,D,,,,,,1.0,,0,0,2.0,1.0,1.0,,False,False,,
1378993,42,40,157052,Riccardo Calafiori,90.0,D,,,,1.0,,,2.0,0,0,9.0,6.0,2.0,,False,False,,
1378993,42,40,47311,Mikel Merino,70.0,M,,,,,,1.0,,0,0,7.0,4.0,3.0,,False,False,,
1378993,42,40,47315,Martín Zubimendi,90.0,M,,,,,,3.0,,1,0,9.0,3.0,1.0,,False,False,,
1378993,42,40,2937,Declan Rice,90.0,M,,,,1.0,,1.0,,0,0,5.0,1.0,,2.0,False,False,,
1378993,42,40,136723,Noni Madueke,89.0,F,,,,2.0,1.0,2.0,,0,0,8.0,3.0,,1.0,False,False,,
1378993,42,40,18979,Viktor Gyökeres,90.0,F,,,,,,,3.0,1,0,8.0,3.0,,1.0,False,False,,
1378993,42,40,127769,Gabriel Martinelli,70.0,F,,,,,,,1.0,0,0,2.0,2.0,1.0,,False,False,,
1378993,42,40,333682,Cristhian Mosquera,85.0,D,,,,,,,,0,0,5.0,4.0,4.0,1.0,True,False,,
1378993,42,40,37127,Martin Ødegaard,20.0,M,,,,,,,,0,0,,,,,True,False,,
1378993,42,40,19586,Eberechi Eze,20.0,M,,,,,,,,0,0,4.0,2.0,,1.0,True,False,,
1378993,42,40,442044,Max Dowman,10.0,M,,,,,,,,0,0,4.0,,,2.0,True,False,,
1378993,42,40,2273,Kepa Arrizabalaga,,G,,,,,,,,0,0,,,,,True,False,,
1378993,42,40,313245,Myles Lewis-Skelly,,D,,,,,,,,0,0,,,,,True,False,,
1378993,42,40,313236,Ethan Nwaneri,,M,,,,,,,,0,0,,,,,True,False,,
1378993,42,40,1946,Leandro Trossard,,F,,,,,,,,0,0,,,,,True,False,,
1378993,42,40,457731,Andre Annous,,F,,,,,,,,0,0,,,,,True,False,,
1378989,66,52,36878,Marco Bizot,90.0,G,,,,,,1.0,,1,0,1.0,,,,False,False,,
1378989,66,52,19298,Matty Cash,74.0,D,,,,1.0,,1.0,,1,0,5.0,1.0,,1.0,False,False,,
1378989,66,52,19354,Ezri Konsa,90.0,D,,,,,,1.0,1.0,0,0,4.0,3.0,,,False,False,,
1378989,66,52,19179,Tyrone Mings,90.0,D,,,,,,1.0,,0,0,6.0,2.0,1.0,1.0,False,False,,
1378989,66,52,138816,Ian Maatsen,84.0,D,,,,,,,,0,0,4.0,2.0,,,False,False,,
1378989,66,52,19191,John McGinn,74.0,M,,,,,,2.0,1.0,0,0,11.0,5.0,2.0,3.0,False,False,,
1378989,66,52,2926,Youri Tielemans,90.0,M,,,,3.0,1.0,,2.0,0,0,6.0,4.0,1.0,1.0,False,False,,
1378989,66,52,249,Donyell Malen,83.0,M,,,,2.0,,,1.0,0,0,6.0,2.0,,3.0,False,False,,
1378989,66,52,19170,Morgan Rogers,90.0,M,,,,1.0,1.0,,2.0,0,0,10.0,4.0,1.0,2.0,False,False,,
1378989,66,52,137303,Evann Guessand,45.0,M,,,,1.0,1.0,,1.0,0,0,8.0,2.0,1.0,2.0,False,False,,
1378989,66,52,19366,Ollie Watkins,90.0,F,,,,3.0,1.0,,2.0,0,0,7.0,3.0,1.0,,False,False,,
1378989,66,52,19071,Emiliano Buendía,45.0,M,,,,1.0,,1.0,2.0,0,0,11.0,6.0,3.0,1.0,True,False,,
1378989,66,52,46815,Pau Torres,16.0,D,,,,,,,,0,0,3.0,2.0,1.0,,True,False,,
1378989,66,52,453101,Bradley Burrowes,16.0,M,,,,,,,1.0,0,0,3.0,1.0,,1.0,True,False,,
1378989,66,52,2724,Lucas Digne,15.0,D,,,,,,,,0,0,,,,,True,False,,
1378989,66,52,284457,Lamare Bogarde,14.0,D,,,,,,,,0,0,,,,,True,False,,
1378989,66,52,398004,Sam Proctor,,G,,,,,,,,0,0,,,,,True,False,,
1378989,66,52,360269,Triston Rowe,,D,,,,,,,,0,0,,,,,True,False,,
1378989,66,52,308843,Travis Patterson,,D,,,,,,,,0,0,,,,,True,False,,
1378989,66,52,360268,Jamaldeen Jimoh,,M,,,,,,,,0,0,,,,,True,False,,
1378989,52,66,19088,Dean Henderson,90.0,G,,,,,,,,0,0,,,,,False,False,,
1378989,52,66,126949,Chris Richards,90.0,D,,,,,,1.0,,0,0,7.0,6.0,4.0,,False,False,,
1378989,52,66,20995,Maxence Lacroix,90.0,D,,,,,,1.0,,0,0,4.0,2.0,,,False,False,,
1378989,52,66,67971,Marc Guéhi,90.0,D,,,,1.0,1.0,,1.0,0,0,6.0,5.0,3.0,,False,False,,
1378989,52,66,13736,Daniel Muñoz,90.0,M,,,,,,2.0,,0,0,12.0,7.0,6.0,,False,False,,
1378989,52,66,288102,Adam Wharton,56.0,M,,,,,,,,0,0,3.0,1.0,,1.0,False,False,,
1378989,52,66,18806,Will Hughes,71.0,M,,,,,,2.0,1.0,1,0,4.0,1.0,,,False,False,,
1378989,52,66,182201,Tyrick Mitchell,90.0,M,,,,,,,,0,0,9.0,6.0,6.0,1.0,False,False,,
1378989,52,66,2218,Ismaïla Sarr,90.0,F,,,,2.0,1.0,1.0,,1,0,9.0,4.0,1.0,2.0,False,False,,
1378989,52,66,2601,Daichi Kamada,86.0,F,,,,,,2.0,3.0,0,0,11.0,7.0,3.0,1.0,False,False,,
1378989,52,66,25927,Jean-Philippe Mateta,85.0,F,,,,1.0,1.0,,1.0,1,0,6.0,2.0,,1.0,False,False,,
1378989,52,66,2490,Jefferson Lerma,34.0,M,,,,1.0,1.0,1.0,,0,0,4.0,2.0,1.0,,True,False,,
1378989,52,66,184226,Yéremy Pino,19.0,M,,,,,,3.0,1.0,0,0,7.0,3.0,,2.0,True,False,,
1378989,52,66,286458,Justin Devenny,13.0,M,,,,,,1.0,,0,0,2.0,1.0,1.0,,True,False,,
1378989,52,66,18862,Nathaniel Clyne,12.0,D,,,,,,,,0,0,1.0,1.0,1.0,,True,False,,
1378989,52,66,22157,Walter Benítez,,G,,,,,,,,0,0,,,,,True,False,,
1378989,52,66,380703,Rio Cardines,,M,,,,,,,,0,0,,,,,True,False,,
1378989,52,66,402640,Romain Esse,,M,,,,,,,,0,0,,,,,True,False,,
1378989,52,66,26303,Borna Sosa,,D,,,,,,,,0,0,,,,,True,False,,
1378989,52,66,301295,Kaden Rodney,,M,,,,,,,,0,0,,,,,True,False,,
